"landmark a_z","city","hotels in the region","&nbsp;"
"a b c garage","schiedam","a-b-c-garage"
"a z m","maastricht","a-z-m"
"abe lenstra stadium","heerenveen","abe-lenstra-stadium"
"aboriginal art museum","utrecht","aboriginal-art-museum"
"achterdoelen","ede","achterdoelen"
"aelderholt golfclub","aalden","aelderholt-golf"
"ahoy rotterdam","rotterdam","ahoy-rotterdam"
"airforce museum texel 1940-1945","de cocksdorp","airforce-museum-texel-1940-1945"
"ajax museum","amsterdam","ajax-museum"
"albatross golf","prinsenbeek","albatross-golf"
"alexandrium ii","rotterdam","alexandrium-ii"
"alexandrium iii","rotterdam","alexandrium-iii"
"allard pierson museum","amsterdam","allard-pierson-museum"
"almeerderhout golfclub","almere","almeerderhout-golf"
"almkreek golfpark","almkerk","almkreek-golf"
"ameland golfvereniging","hollum-ameland","ameland-golf"
"amelisweerd golfclub","utrecht","amelisweerd-golf"
"american cemetery margraten","margraten","american-cemetery-margraten"
"amsterdam arena","amsterdam zuidoost","amsterdam-arena"
"amsterdam old course","amsterdam","amsterdam-old-course-golf"
"amsterdamse golf club","amsterdam","amsterdamse-golf-club"
"amsterdamse poort","amsterdam","amsterdamse-poort"
"anatomic museum nijmegen","nijmegen","anatomic-museum-nijmegen"
"anderstein golfclub","maarsbergen","anderstein-golf"
"anne frank house","amsterdam","anne-frank-house"
"apenheul","apeldoorn","apenheul"
"archeon","alphen aan den rijn","archeon"
"arena","den bosch","arena1"
"argonaut","amersfoort","argonaut"
"arke stadion","&nbsp;","arke-stadion"
"armymuseum","delft","armymuseum"
"art gallery action art ijzerman","lelystad","art-gallery-action-art-ijzerman"
"art gallery art deco","renesse","art-gallery-art-deco"
"art gallery beddeweeg","zierikzee","art-gallery-beddeweeg"
"art gallery bos fine art","lellystad","art-gallery-bos-fine-art"
"art gallery de kaai","goes","art-gallery-de-kaai"
"art gallery de voorst","kraggenburg","art-gallery-de-voorst"
"art gallery elf","goes","art-gallery-elf"
"art gallery kunsthuis","almere","art-gallery-kunsthuis"
"art gallery 't haentje te paart","middelburg","art-gallery--t-haentje-te-paart"
"art gallery van den berge","goes","art-gallery-van-den-berge"
"art museum rotterdam","rotterdam","art-museum-rotterdam"
"art on the spot","den bosch","art-on-the-spot"
"artis zoo","amsterdam","artis-zoo"
"attractiepark slagharen","slagharen","attractiepark-slagharen"
"autotron","rosmalen","autotron"
"aviodrome","lelystad","aviodrome"
"avonturenpark hellendoorn","hellendoorn","avonturenpark-hellendoorn"
"backerbosch golf course","cadier en keer","golf-course-backerbosch"
"bassin","maastricht","bassin"
"batouwe golfclub","zoelen","de-batouwe-golf"
"beemster golf vereniging","middenbeemster","beemster-golf-vereniging"
"beeradvertisingmuseum","breda","beeradvertisingmuseum"
"beestenmarkt","amersfoort","beestenmarkt"
"begijnhof","amsterdam","begijnhof"
"best golf","best","best-golf"
"beurs - world trade centre rotterdam","rotterdam","beurs---world-trade-centre-rotterdam"
"beurs van berlage","amsterdam","beurs-van-berlage"
"beursplein","rotterdam","beursplein"
"biesboschcenter dordrecht","dordrecht","biesboschcenter-dordrecht"
"bijenkorf","eindhoven","bijenkorf"
"bonbonniere","maastricht","bonbonniere"
"bonnefantenmuseum","maastricht","bonnefantenmuseum"
"boogaard p2/p3/p4/p5","rijswijk","boogaard-p2-p3-p4-p5"
"boogaard p7","rijswijk","boogaard-p7"
"boogaardplein p1","rijswijk","boogaardplein-p1"
"booking.com headquarters","amsterdam","bookings"
"boom chicago","amsterdam","boom-chicago"
"boschstraat oost ii","maastricht","boschstraat-oost-ii"
"brabanthallen exhibition centre","s-hertogenbosch","brabanthallen-exhibition-centre"
"breuninkhof golf","bussloo","breuninkhof-golf"
"broekpolder golfclub","vlaardingen","broekpolder-golf"
"broerenstraat","arnhem","cityparking"
"brugse vaart golfbaan","oostburg","brugse-vaart-golf"
"brunssummerheide gc","brunssum","brunssummerheide-golf"
"burgers' zoo","arnhem","burgers--zoo"
"burggolf purmerend","pumerend","purmer-golf"
"byzantium","amsterdam","byzantium"
"capelle aan den ijssel golf","capelle a/d ijssel","capelle-aan-den-ijssel-golf"
"cartoonmuseum groningen","groningen","cartoonmuseum-groningen"
"central museum","utrecht","central-museum"
"centrum beeldende kunst","emmen","centrum-beeldende-kunst-emmen"
"centrum beeldende kunst","groningen","centrum-beeldende-kunst"
"centrum voor natuur en landschap","terschelling","centrum-voor-natuur-en-landschap"
"centrumgarage","hoofddorp","centrumgarage"
"ceramique noord","maastricht","ceramique-noord"
"chabot museum","rotterdam","chabot-museum"
"chassé theater","breda","chasse-theater"
"childrenbooks museum","den haag","childrenbooks-museum"
"circuit park zandvoort","zandvoort","circuitparkzandvoort"
"circus zandvoort","zandvoort","circus-zandvoort"
"circustheater","scheveningen","circustheater"
"circustheatre","den haag","circustheatre"
"city museum zutphen","zutphen","city-museum-zutphen"
"city parking","den haag","city-parking"
"city zuid","groningen","city-zuid"
"citygallery heerlen","heerlen","citygallery-heerlen"
"citymuseum doetinchem","doetinchem","citymuseum-doetinchem"
"cobra museum","amstelveen","cobra-museum"
"compagnie golfclub","veendam","compagnie-golf"
"corio center","heerlen","corio-center"
"cristalmuseum","borculo","cristalmuseum"
"cromstrijen golfclub","numansdorp","cromstrijen-golf"
"crossmoor golf","weert","crossmoor-golf"
"culinair museum","amersfoort","culinair-museum"
"daf museum","eindhoven","daf-museum"
"dam square","&nbsp;","dam-square"
"de balie","amsterdam","de-balie"
"de brink","hengelo","de-brink"
"de colonel","maastricht","de-colonel"
"de  efteling","kaatsheuvel","efteling"
"de goudse schouwburg","gouda","de-goudse-schouwburg"
"de griend","maastricht","de-griend"
"de hallen","haarlem","de-hallen"
"de heelsumse golfclub","renkum","de-heelsumse-golfclub"
"de klomp","heerlen","de-klomp"
"de koepel golfclub","wierden","de-koepel-golf"
"de meervaart","amsterdam","de-meervaart"
"de oranjerie","roermond","de-oranjerie"
"de stok golfbaan","roosendaal","de-stok-golf"
"de zaanse schans","zaandam","de-zaanse-schans"
"delfland golfbaan","schipluiden","golfbaan-delfland"
"derlon","maastricht","derlon"
"deventer schouwburg","deventer","deventer-schouwburg"
"dierenpark amersfoort","amersfoort","dierenpark-amersfoort"
"diergaarde blijdorp","rotterdam","diergaarde-blijdorp"
"do and activitycenter ecoscope","renesse","do-and-activitycenter-ecoscope"
"dolfinarium harderwijk","harderwijk","dolfinarium-harderwijk"
"dolls and toys museum tilburg","tilburg","dolls-and-toys-museum-tilburg"
"dom tower","utrecht","dom-tower"
"domburgsche golfclub","domburg","domburgsche-golf"
"dommel golfclub","st michielsgestel","de-dommel-golf"
"doorhout mees golfbaan","biddinghuizen","doorhout-mees-golf"
"dorpswaard golfclub","kerkdriel","dorpswaard-golf"
"drents museum","assen","drents-museum"
"drentsche golf","zijerveen","drentsche-golf"
"driene golf","hengelo","driene-golf"
"dronten golf residentie","dronten","golf-residentie-dronten"
"dsb stadion","alkmaar","dsb-stadion"
"duinzicht golf","'s-gravenhage","duinzicht-golf"
"dutch cheesemuseum","alkmaar","dutch-cheesemuseum"
"dutch military coastdefensemuseum","hoek van holland","dutch-military-coastdefensemuseum"
"dutch museum of photography","rotterdam","dutch-museum-of-photography"
"dutch open air museum","arnhem","dutch-open-air-museum"
"dutch steammachine","medemblik","dutch-steammachine"
"dutch textile musem","tilburg","dutch-textile-musem"
"dutch winemuseum arnhem","arnhem","dutch-winemuseum-arnhem"
"dutch winemuseum maastricht","cadier en keer","dutch-winemuseum-maastricht"
"ecodrome zwolle","zwolle","ecodrome-zwolle"
"ecomare","de koog","ecomare"
"edda huzid g&amp;cc","voorthuizen","edda-huzid-golf"
"edese golfclub","arnhem","edese-golf"
"efteling golfpark","kaatsheuvel","golf-efteling"
"eiland","zwolle","eiland"
"eindhovensche golf club","valkenswaard","eindhovensche-golf"
"emmen zoo","emmen","emmen-zoo"
"engelenburg golf","brummen","engelenburg-golf-country-club"
"euroborg stadium","groningen","euroborg-stadium"
"eurogate","rotterdam","eurogate"
"euromast","rotterdam","euromast1"
"europarking","amsterdam","europarking"
"evoluon","eindhoven","evoluon"
"faculty of law","amsterdam","faculty-of-law"
"faculty of social sciences","amsterdam","faculty-of-social-sciences"
"familiepark drievliet","den haag","familiepark-drievliet"
"feijenoord stadium","rotterdam","feijenoord-stadium"
"fishingmuseum","ijmuiden","fishingmuseum"
"flevoland golfclub","lelystad","flevoland-golf"
"foam museum of photography","amsterdam","foam-museum-of-photography"
"frans halsmuseum","haarlem","frans-halsmuseum"
"fries museum","leeuwarden","fries-museum"
"gaasterland golfclub","oudemirdum","gaasterland-golf"
"galgenwaard","utrecht","galgenwaard"
"gallerie kunstcollege","weert","gallerie-kunstcollege"
"gassan diamonds","amsterdam","gassan-diamonds"
"ge commercial finance amsterdam","amsterdam","ge-amsterdam"
"gelredome","arnhem","gelredome"
"gem &amp; photo museum","den haag","gem-photo-museum"
"gemeente museum den haag","den haag","gemeente-museum-den-haag"
"gemeentegrot valkenburg","valkenburg","gemeentegrot-valkenburg"
"gemeentemuseum","den haag","gemeentemuseum"
"gendersteyn golf","veldhoven","gendersteyn-golf"
"geological museum hofland","laren nh","geological-museum-hofland"
"geysteren g &amp; cc","geysteren","geysteren-golf"
"glasmuseum","hoogeveen","glasmuseum"
"goese golfbaan","goes","goese-golf"
"golf centrum rotterdam","rotterdam","golf-centrum-rotterdam"
"golf de pan","bosch en duin","de-pan-golf"
"golfclub de gelpenberg","aalden","de-gelpenberg-golf"
"golfclub de haar","vleuten","golfclub-de-haar"
"golfhorst golfbaan","america","golfhorst"
"goyer golf &amp; country club","eemnes","goyer-golf-country-club"
"graafschap lochemse g&amp;cc","lochem","de-graafschaap-golf"
"grafic museum groningen","groningen","grafic-museum-groningen"
"graphical historical center zutphen","zutphen","graphical-historical-center-zutphen"
"grevelingenhout golfclub","bruinisse","grevelingenhout-golf"
"groene ster golfclub","leeuwarden","groene-ster-golf"
"groninger museum","groningen","groninger-museum"
"grote markt","den haag","grote-markt1"
"grote markt","groningen","grote-markt2"
"grotten st. pietersberg","maastricht","grotten-st--pietersberg"
"gulbergen golf","mierlo","gulbergen-golf"
"haagse mart","den haag","haagse-mart"
"haarlemmermeersche golf","cruquius","haarlemmermeersche-golf"
"handelsplein","amstelveen","handelsplein"
"harbor museum","rotterdam","harbor-museum"
"harderwold golfcentrum","zeewolde","harderwold-golf"
"hattemse golf club","hattem","hattemse-golf"
"havelte golfclub","havelte","havelte-golf"
"haven leek","leek","haven-leek"
"haverleij den bosch golf","den bosch","haverleij-golf"
"haviksoord golf club","leende","haviksoord-golf"
"heelsumse golf club","heelsum","golfclub-de-heelsumse"
"heemskerkse golfclub","heemskerk","heemskerkse-golf"
"heidemeer golfclub","heerenveen","heidemeer-golf"
"heiloo golf","heilo","golf-country-club-heiloo"
"heineken breweries","amsterdam","heineken-museum"
"heineken music hall","amsterdam","heineken-music-hall"
"helmondse golfclub overbrug","helmond","helmondse-golfclub-overbrug"
"herdenkingsplein","maastricht","herdenkingsplein"
"herkenbosch g&amp;cc","herkenbosch","herkenbosch-golf"
"hermitage amsterdam","amsterdam","hermitage-amsterdam"
"het arsenaal","vlissingen","het-arsenaal"
"het betty asfalt complex","amsterdam","het-betty-asfalt-complex"
"het concertgebouw","amsterdam","concertgebouw"
"het hof theater","arnhem","het-hof-theater"
"het land van ooit","drunen","het-land-van-ooit"
"het muziektheater","amsterdam","het-muziektheater"
"het rijk van nijmegen","groesbeek","het-rijk-van-nijmegen-golf"
"heuvelgalerie","eindhoven","heuvelgalerie"
"hilversumsche golf club","hilversum","hilversumsche-golf"
"hilvertshof","hilversum","hilvertshof"
"historical museum amsterdam","amsterdam","historical-museum-amsterdam"
"historical museum arnhem","arnhem","historical-museum-arnhem"
"historical museum de casteelse poort","wageningen","historical-museum-de-casteelse-poort"
"historical museum deventer","deventer","historical-museum-deventer"
"historical museum ede","ede","historical-museum-ede"
"historical museum the hague","den haag","historical-museum-the-hague"
"histrorical museum nieuwegein","nieuwegein","histrorical-museum-nieuwegein"
"hitland openbare golfbaan","nieuwerkerk a/d ijsel","rijckevorsel-golf"
"hoenshuis golf","voerendaal","hoenshuis-golf"
"hoge klei golfclub","leusden","de-hoge-klei-golf"
"holland casino amsterdam","amsterdam","holland-casino-amsterdam"
"holland casino breda","breda","holland-casino-breda"
"holland casino eindhoven","eindhoven","holland-casino-eindhoven"
"holland casino enschede","enschede","holland-casino-enschede"
"holland casino groningen","groningen","holland-casino-groningen"
"holland casino leeuwarden","leeuwarden","holland-casino-leeuwarden"
"holland casino nijmegen","nijmegen","holland-casino-nijmegen"
"holland casino rotterdam","rotterdam","holland-casino-rotterdam"
"holland casino scheveningen","den haag","holland-casino-scheveningen"
"holland casino schiphol airport","schiphol","holland-casino-schiphol-airport"
"holland casino utrecht","utrecht","holland-casino-utrecht"
"holland casino valkenburg","valkenburg aan de geul","holland-casino-valkenburg"
"holland casino venlo","venlo","holland-casino-venlo"
"holland casino zandvoort","zandvoort","holland-casino-zandvoort"
"holland experience","amsterdam","holland-experience"
"hollandsche schouwburg","amsterdam","hollandsche-schouwburg"
"holthuizen golf","roden","holtuizen-golf"
"home of history","rotterdam","home-of-history"
"hondertmarck","maastricht","hondertmarck"
"hooge bergsche golf","bergschenhoek","de-hooge-bergsche-golf"
"hooge graaven golf","arriã&laquo;n","hooge-graaven-golf"
"hooge vorssel golf","nistelrode","hooge-vorssel-golf"
"hoogfrankrijk","maastricht","hoogfrankrijk"
"houtrak golfclub","halfweg","houtrak-golf"
"ice bar","amsterdam","ice-bar"
"ijsselweide golf","gouda","ijsselweide-golf"
"in- outdoor centre de uithof","den haag","in--outdoor-centre-de-uithof"
"institute for art &amp; architecturehistory","groningen","institute-for-art---architecturehistory"
"institute of dutch architecture","rotterdam","institute-of-dutch-architecture"
"jaarbeurs utrecht","utrecht","jaarbeurs-utrecht"
"jachthaven boei 12","steendam","jachthaven-boei-12"
"jachthaven bourtange","bourtange","jachthaven-bourtange"
"jachthaven het spoordok","musselkanaal","jachthaven-het-spoordok"
"jachthaven meerwijck","kropswolde","jachthaven-meerwijck"
"jachthaven scheemda","scheemda","jachthaven-scheemda"
"jachthaven scheveningen","scheveningen","jachthaven-scheveningen"
"jachthaven 't dok","delfzijl","jachthaven--t-dok"
"jachthaven winsum / marenland","winsum","jachthaven-winsum---marenland"
"jachthaven zuidwesthoek","haren","jachthaven-zuidwesthoek"
"jeugdtheater de krakeling","amsterdam","jeugdtheater-de-krakeling"
"jewish historical museum","amsterdam","jewish-historical-museum"
"juliana ziekenhuis","apeldoorn","juliana-ziekenhuis"
"kagerzoom golf","warmond","kagerzoom-golf"
"kasteelruïne &amp; fluweelengrot valkenburg","valkenburg","kasteelruine---fluweelengrot-valkenburg"
"kasteeltuinen arcen","arcen","kasteeltuinen-arcen"
"kennemer g&amp;cc","zandvoort","kennemer-golf"
"keppelse golfclub","hoog-keppel","keppelse-golf"
"keukenhof","lisse","keukenhof"
"kleiburg golfclub","brielle","kleiburg-golf"
"koningin juliana toren","apeldoorn","koningin-juliana-toren"
"koninklijke haagsche g&amp;cc","wassenaar","koninklijke-haagsche-golf"
"kralingen golf","rotterdam","kralingen-golf"
"kromme rijn golf","bunnik","kromme-rijn-golf"
"kunsthal rotterdam","rotterdam","kunsthal-rotterdam"
"kurenpolder golf","hank","kurenpolder-golf"
"laakhaven hollands spoor","den haag","laakhaven-hollands-spoor"
"labyrint drielandenpunt","vaals","labyrint-drielandenpunt"
"lage vuursche","den dolder","lage-vuursche-golf"
"landgoed nieuwkerk golf","goirle","landgoed-nieuwkerk-golf"
"lauswolt g &amp; cc","beetsterzwaag","lauswolt-golf"
"leeuwenbergh golf","leidschendam","leeuwenbergh-golf"
"leidse square","&nbsp;","leidse-square"
"lighthouse ameland","hollum","lighthouse-ameland"
"lighthouse amsterdam","amsterdam","lighthouse-amsterdam"
"lighthouse breskens","breskens","lighthouse-breskens"
"lighthouse den helder","den helder","lighthouse-den-helder"
"lighthouse enkhuizen","enkhuizen","lighthouse-enkhuizen"
"lighthouse hellevoetsluis","hellevoetsluis","lighthouse-hellevoetsluis"
"lighthouse hoek van holland","hoek van holland","lighthouse-hoek-van-holland"
"lighthouse ijmuiden","ijmuiden","lighthouse-ijmuiden"
"lighthouse marken","marken","lighthouse-marken"
"lighthouse noordwijk","noordwijk aan zee","lighthouse-noordwijk"
"lighthouse oosterleek","oosterleek","lighthouse-oosterleek"
"lighthouse ouddorp","ouddorp","lighthouse--ouddorp"
"lighthouse scheveningen","scheveningen","lighthouse-scheveningen"
"lighthouse termunterzijl","termunterzijl","lighthouse-termunterzijl"
"lighthouse texel","de cocksdorp (texel)","lighthouse-texel"
"lighthouse urk","urk","lighthouse-urk"
"lighthouse vlieland","vlieland","lighthouse-vlieland"
"lighthouse westkapelle","westkapelle","lighthouse-westkapelle"
"lighthouse workum","workum","lighthouse-workum"
"lightningmuseum de blikvanger","renesse","lightningmuseum-de-blikvanger"
"limburgs museum","venlo","limburgs-museum"
"lingewaelsche golf","spijk","lingewaelsche-golf"
"lukas ziekenhuis","apeldoorn","lukas-ziekenhuis"
"lutheran church","amsterdam","lutheran-church"
"lutherse burgwal","den haag","lutherse-burgwal"
"luxor theater rotterdam","rotterdam","luxor-theater-rotterdam"
"maagjesbolwerk","zwolle","maagjesbolwerk"
"madame tussaud's amsterdam","amsterdam","madame-tussaud-s-amsterdam"
"madurodam","den haag","madurodam"
"magna plaza","amsterdam","magna-plaza"
"mahler","amsterdam","mahler"
"marina appingedam","appingedam","marina-appingedam"
"marine golf club nieuwediep","den helder","marine-golf-club-nieuwediep"
"maritiem museum","zierikzee","maritiem-museum"
"maritiem museum rotterdam","rotterdam","maritiem-museum-rotterdam"
"markendaal","breda","markendaal"
"marker museum","marken","marker-museum"
"markt","ede","markt"
"martensplek golf","tiendeveen","martensplek-golf"
"martini tower","groningen","martini-tower"
"martiniplaza","groningen","martiniplaza"
"mauritshuis","den haag","mauritshuis"
"mecc maastricht","maastricht","mecc-maastricht"
"meeting plaza amsterdam","amsterdam","meeting-plaza-amsterdam"
"meeting plaza maarssen","maarssen","meeting-plaza-maarssen"
"meeting plaza utrecht","utrecht","meeting-plaza-utrecht"
"melkweg","amsterdam","melkweg"
"memorycenter camp westerbork","hooghalen","memorycenter-camp-westerbork"
"merwelanden golf","dordrecht","merwelanden-golf"
"mesdag museum","den haag","mesdag-museum"
"metro amstelveenseweg","amsterdam","metro-amstelveenseweg"
"metro bullewijk","amsterdam zuidoost","metro-bullewijk"
"metro de vlugtlaan","amsterdam","metro-de-vlugtlaan"
"metro ganzenhoef","amsterdam","metro-ganzenhoef"
"metro heemstedestraat","amsterdam","metro-heemstedestraat"
"metro holendrecht","amsterdam zuidoost","metro-holendrecht"
"metro isolatorweg","amsterdam","metro-isolatorweg"
"metro jan van galenstraat","amsterdam","metro-jan-van-galenstraat"
"metro kraaiennest","amsterdam","metro-kraaiennest"
"metro nieuwmarkt","amsterdam","metro-nieuwmarkt"
"metro over amstel","amsterdam","metro-over-amstel"
"metro postjesweg","amsterdam","metro-postjesweg"
"metro reigersbos","amsterdam zuidoost","metro-reigersbos"
"metro sneevlietweg","amsterdam","metro-sneevlietweg"
"metro spaklerweg","amsterdam","metro-spaklerweg"
"metro station gaasperplas","amsterdam","metro-station-gaasperplas"
"metro station gein","amsterdam","metro-station-gein"
"metro strandvliet/arena","amsterdam","metro-strandvliet-arena"
"metro van der madeweg","duivendrecht","metro-van-der-madeweg"
"metro venserpolder","amsterdam","metro-venserpolder"
"metro verrijn stuartweg","diemen","metro-verrijn-stuartweg"
"metro waterlooplein","amsterdam","metro-waterlooplein"
"metro weesperplein","amsterdam","metro-weesperplein"
"metro wibautstraat","amsterdam","metro-wibautstraat"
"midden brabant g &amp; cc","esbeek","midden-brabant-golf"
"miltary airspace museum","soesterberg","miltary-airspace-museum"
"miniatuur walcheren","middelburg","miniatuur-walcheren"
"miniatuurpark appelscha","appelscha","miniatuurpark-appelscha"
"mosae forum","maastricht","mosae-forum"
"movie museum","amsterdam","movie-museum"
"muiderslot","muiden","muiderslot"
"munttoren (mint tower)","amsterdam","munttoren--mint-tower-"
"museon","den haag","museon"
"museum and seaaquarium delfzijl","delfzijl","museum-and-seaaquarium-delfzijl"
"museum animalmedicin","utrecht","museum-animalmedicin"
"museum beelden aan zee","den haag","museum-beelden-aan-zee"
"museum beelden aan zee","scheveningen","museum-beelden-aan-zee1"
"museum broeker veiling","broek op langedijk","museum-broeker-veiling"
"museum for communication","den haag","museum-for-communication"
"museum mondriaanhouse","amersfoort","museum-mondriaanhouse"
"museum starwatch sonnenborgh","utrecht","museum-starwatch-sonnenborgh"
"museum-centrum","apeldoorn","museum-centrum"
"museumplein","amsterdam","museumplein"
"museumschip","den haag","museumschip"
"muziekgebouw aan het ij","amsterdam","muziekgebouw-aan-het-ij"
"naarderbos golfbaan","naarden","golfbaan-naarderbos"
"national automobilemuseum","raamsdonkveer","national-automobilemuseum"
"national beermuseum","alkmaar","national-beermuseum"
"national bicyclemuseum velorama","nijmegen","national-bicyclemuseum-velorama"
"national glassmuseum","leerdam","national-glassmuseum"
"national liquor and sodasmuseum","hilvarenbeek","national-liquor-and-sodasmuseum"
"national naturehistorical museum","leiden","naturalis-national-naturehistorical-museum"
"national schoolmuseum","rotterdam","national-schoolmuseum"
"national spacemuseum","lelystad","national-spacemuseum"
"naturecenter ameland","ameland nes","naturecenter-ameland"
"naturehistorical museum","maastricht","naturehistorical-museum"
"naturemuseum brabant","tilburg","naturemuseum-brabant"
"naturemuseum dokkum","dokkum","naturemuseum-dokkum"
"naturemuseum enschede","enschede","naturemuseum-enschede"
"naturemuseum groningen","groningen","naturemuseum-groningen"
"naturemuseum nijmegen","nijmegen","naturemuseum-nijmegen"
"naturemuseum rotterdam","rotterdam","naturemuseum-rotterdam"
"navy museum of royal navy","rotterdam","navy-museum-of-royal-navy"
"nederlands congres centrum","den haag","nederlands-congres-centrum"
"nemo","amsterdam","nemo"
"nes theaters","amsterdam","nes-theaters"
"netherlands maritime museum","amsterdam","netherlands-maritime-museum"
"new church","amsterdam","new-church"
"new luxor theatre rotterdam","rotterdam","new-luxor-theatre-rotterdam"
"nieuwe de la mar theater","amsterdam","nieuwe-de-la-mar-theater"
"nieuwegeinse gc","houten","nieuwegeinse-golf"
"nieuwmarkt","amsterdam","nieuwmarkt"
"noord nederlandse golf","glimmen","noord-nederlandse-golf"
"noorder dierenpark","emmen","noorder-dierenpark"
"noorderbergpoort parking","&nbsp;","noorderbergpoort-parking"
"noordhollandse gc","alkmaar","de-noordhollandse-golf"
"noordwijkse golfclub","noordwijk","noordwijkse-golf"
"north market","amsterdam","north-market"
"northern church","amsterdam","northern-church"
"nunspeetse g &amp; cc","nunspeet","nunspeetse-golf"
"nzh public transport museum","haarlem","nzh-public-transport-museum"
"ockenburgh golf club","den haag","golfclub-ockenburgh"
"old church","amsterdam","old-church"
"old stock exchange","amsterdam","old-stock-exchange"
"olv parking","maastricht","olv-parking"
"olympic stadium","amsterdam","olympic-stadium2"
"olympus golf club","amsterdam","olympus-hoge-dijk-golf"
"omniversum","den haag","omniversum"
"ooghduyne golf","julianadorp aan zee","ooghduyne-golf"
"ookmeer golfclub","amsterdam","golfclub-ookmeer"
"oorlogsverzetmuseum rotterdam","rotterdam","oorlogsverzetmuseum-rotterdam"
"oosterhoutse golf","oosterhout","oosterhoutse-golf"
"oosterpoort","groningen","oosterpoort"
"oranjerie","apeldoorn","oranjerie"
"osdorpplein","amsterdam","osdorpplein"
"ossenmarkt","groningen","ossenmarkt"
"oud wijck","maastricht","oud-wijck"
"oude maas golf","rhoon","oude-maas-golf"
"ouwehands dierenpark","rhenen","ouwehands-dierenpark"
"overijssels ventrum beeldende kunsten","zwolle","overijssels-ventrum-beeldende-kunsten"
"p+r barchman wuytierslaan","amersfoort","p-r-barchman-wuytierslaan1"
"p+r burgemeester jamesplein","gouda","parkingstation-p-r-burgemeester-jamesplein"
"p+r burgemeester van raadtsing","dordrecht","parkingstation-p-r-burgemeester-van-raadtsing"
"p+r gasstraat","oss","p-r-gasstraat"
"p+r godsweerdersingel","roermond","p-r-godsweerdersingel"
"p+r kaldenkerkerweg","venlo","p-r-kaldenkerkerweg"
"p+r laan van de mensenrechten","apeldoorn","parkingstation-p-r-laan-van-de-mensenrechten"
"p+r meerssenerweg","maastricht","p-r-meerssenerweg"
"p+r mondriaanplein","amersfoort","p-r-mondriaanplein"
"p+r proveniersplein","rotterdam","p-r-proveniersplein"
"p+r provincialeweg","zaandam","p-r-provincialeweg"
"p+r segeersingel","middelburg","p-r-segeersingel"
"p+r slochterenlaan","naarden-bussum","p-r-slochterenlaan"
"p+r smalstraat","helmond","p-r-smalstraat"
"p+r stationstraat","roosendaal","p-r-stationstraat"
"p+r van diemerbroeckstraat","nijmegen","p-r-van-diemerbroeckstraat"
"p+r veeladingstraat","roermond","p-r-veeladingstraat"
"palace 't loo national museum","apeldoorn","palace--t-loo-national-museum"
"parade","nootdorp","parade"
"paradiso","amsterdam","paradiso"
"parking p+r stationsweg","alkmaar","parking-p-r-stationsweg"
"parkingstation p+r amersfoort argonaut","amersfoort","parkingstation-p-r-amersfoort-argonaut"
"parkingstation p+r amersfoort eempolis","amersfoort","parkingstation-p-r-amersfoort-eempolis"
"parkingstation p+r cascadeplein","groningen","parkingstation-p-r-cascadeplein"
"parkingstation p+r handelskade","deventer","parkingstation-p-r-handelskade"
"parkingstation p+r hollanderdijk","leeuwarden","parkingstation-p-r-hollanderdijk"
"parkingstation p+r industrieplein","hengelo","parkingstation-p-r-industrieplein"
"parkingstation p+r magistratenlaan","den bosch","parkingstation-p-r-magistratenlaan"
"parkingstation p+r markettenweg","dordrecht","parkingstation-p-r-markettenweg"
"parkingstation p+r mayweg","den bosch","parkingstation-p-r-mayweg"
"parkingstation p+r oosterspoorplein","hilversum","parkingstation-p-r-oosterspoorplein"
"parkingstation p+r parallelweg","bergen op zoom","parkingstation-p-r-parallelweg"
"parkingstation p+r pelikaanlaan","heemstede","parkingstation-p-r-pelikaanlaan"
"parkingstation p+r spoorstraat","breda","parkingstation-p-r-spoorstraat"
"parkingstation p+r stationsplein","assen","parkingstation-p-r-stationsplein"
"parkingstation p+r stationsweg","breda","parkingstation-p-r-stationsweg"
"peelse golf","eversoord-sevenum","de-peelse-golf"
"pepsi stage","amsterdam","pepsi-stage"
"pettelaar golf parc","'s-hertogenbosch","golf-parc-de-pettelaar"
"philips breitner center","amsterdam","philips-breitner-center"
"philips stadium","eindhoven","philips-stadium"
"photomuseum the hague","den haag","photomuseum-the-hague"
"planetarium eise eisinga","franeker","planetarium-eise-eisinga"
"planetron","dwingeloo","planetron"
"prehistoric openairmuseum eindhoven","eindhoven","prehistoric-openairmuseum-eindhoven"
"princenbosch golfclub","molenschot","princenbosch-golf"
"prise d'eau golf","tilburg","prise-d-eau-golf"
"public transport museum the hague","den haag","public-transport-museum-the-hague"
"putgraaf","heerlen","putgraaf"
"q-park bos en lommer","amsterdam","q-park-bos-en-lommer"
"raadhuisparking","heerlen","raadhuisparking"
"rademarkt","groningen","rademarkt"
"radiomuseum","borculo","radiomuseum"
"rai amsterdam congrescenter","amsterdam","rai-amsterdam-congrescenter"
"recreatiepark de valkenier","valkenburg","recreatiepark-de-valkenier"
"recreatiepark de waarbeek","hengelo ov","recreatiepark-de-waarbeek"
"recreatiepark linnaeushof","bennebroek","recreatiepark-linnaeushof"
"rembrandt square","&nbsp;","rembrandt-square"
"reymerswaal golf","rilland bath","reymerswaal-golf"
"ridderhof","ridderkerk","ridderhof"
"rijksmuseum amsterdam","amsterdam","rijksmuseum-amsterdam"
"rijksmuseum twente","enschede","rijksmuseum-twente"
"rijksmuseum van oudheden","leiden","rijksmuseum-van-oudheden"
"rijksmuseum voor volkenkunde","leiden","rijksmuseum-voor-volkenkunde"
"rijswijkse golf","rijswijk","rijswijkse-golf"
"rockarchive.nl","amsterdam","rockarchive-photo-gallery"
"roercenter","roermond","roercenter"
"roman catacombes","valkenburg","roman-catacomben"
"roosevelt study center","middelburg","roosevelt-study-center"
"rosendaelsche golfclub","arnhem","rosendaelsche-golf"
"rottebergen golfbaan","bergschenhoek","de-rottebergen-golf"
"rotterdamse schouwburg","rotterdam","rotterdamse-schouwburg"
"roxenisse catharinenburg","melissant","roxenisse-golf"
"royal navymuseum","den helder","royal-navymuseum"
"royal palace","amsterdam","royal-palace"
"rozenstein golf","wassenaar","rozenstein-golf"
"safari beekse bergen","hilvarenbeek","safari-beekse-bergen"
"saint nicholas church","amsterdam","saint-nicholas-church"
"sallandsche golfclub de hoek","diepenveen","sallandsche-golf"
"scherpenbergh golf","lieren","scherpenbergh-golf"
"schoot golfclub","sint oedenrode","de-schoot-golf"
"schouwburg","amstelveen","schouwburg"
"schouwburg amstelveen","amstelveen","schouwburg-amstelveen"
"schouwburg arnhem","arnhem","schouwburg-arnhem"
"schouwburgparking","heerlen","schouwburgparking"
"schreierstoren (weepers' tower)","amsterdam","schreierstoren--weepers--tower-"
"sea life scheveningen","den haag","sea-life-scheveningen"
"seaport marina ijmuiden","ijmuiden","seaport-marina-ijmuiden"
"semslanden golf","gasselternijveen","de-semslanden-golf"
"sexmuseum amsterdam","amsterdam","sexmuseum-amsterdam"
"shippinghouse","amsterdam","shippinghouse"
"sint pieters museum","maastricht","sint-pieters-museum"
"sluispolder golf","alkmaar","sluispolder-golf"
"snowworld","zoetermeer","snowworld"
"soeverein","amersfoort","soeverein"
"son golfclub","son en breugel","glofclub-son-golf"
"southern church","amsterdam","southern-church"
"spaans gouvernement","maastricht","spaans-gouvernement"
"spaarnwoude openbare golfbaan","velsen-zuid","spaarnwoude-golf"
"space expo","noordwijk","space-expo"
"spandersbosch golfclub","hilversum","spandersbosch-golfclub"
"sparta stadium","rotterdam","sparta-stadium"
"speelpark oud valkeveen","naarden","speelpark-oud-valkeveen"
"speelstad oranje","oranje","speelstad-oranje"
"spido harbourtrips","rotterdam","spido-harbourtrips"
"st. antonius","nieuwegein","st-antonius"
"st. nicolaasga golf","legemeer","vegilinbosschen-golf"
"stadhuisplein","eindhoven","stadhuisplein"
"stadsplein","amstelveen","stadsplein"
"station aalten","aalten","station-aalten"
"station abcoude","abcoude","station-abcoude"
"station akkrum","akkrum","station-akkrum"
"station alkmaar","alkmaar","station-alkmaar"
"station alkmaar noord","alkmaar","station-alkmaar-noord"
"station almelo","almelo","station-almelo"
"station almelo de riet","almelo","station-almelo-de-riet"
"station almere buiten","almere buiten","station-almere-buiten"
"station almere centraal","almere stad","station-almere-centraal"
"station almere muziekwijk","almere","station-almere-muziekwijk"
"station almere parkwijk","almere","station-almere-parkwijk"
"station alphen aan den rijn","alphen aan den rijn","station-alphen-aan-den-rijn"
"station amersfoort","amersfoort","station-amersfoort"
"station amersfoort schothorst","amersfoort","station-amersfoort-schothorst"
"station amstelveen","amstelveen","station-amstelveen"
"station amsterdam amstel","amsterdam","station-amsterdam-amstel"
"station amsterdam bijlmer","amsterdam zuidoost","station-amsterdam-bijlmer"
"station amsterdam centraal","amsterdam","station-amsterdam-centraal"
"station amsterdam de vlugtlaan","amsterdam","station-amsterdam-de-vlugtlaan"
"station amsterdam lelylaan","amsterdam","station-amsterdam-lelylaan"
"station amsterdam muiderpoort","amsterdam","station-amsterdam-muiderpoort"
"station amsterdam rai","amsterdam","station-amsterdam-rai"
"station amsterdam sloterdijk","amsterdam","station-amsterdam-sloterdijk"
"station amsterdam zuid-wtc","amsterdam","station-amsterdam-zuid-wtc"
"station apeldoorn","apeldoorn","station-apeldoorn"
"station appingedam","appingedam","station-appingedam"
"station arkel","arkel","station-arkel"
"station arnemuiden","arnemuiden","station-arnemuiden"
"station arnhem","arnhem","station-arnhem"
"station arnhem presikhaaf","arnhem","station-arnhem-presikhaaf"
"station arnhem velperpoort","arnhem","station-arnhem-velperpoort"
"station assen","assen","station-assen"
"station baarn","baarn","station-baarn"
"station baflo","baflo","station-baflo"
"station barendrecht","barendrecht","station-barendrecht"
"station barneveld","barneveld","station-barneveld"
"station barneveld noord","barneveld","station-barneveld-noord"
"station bedum","bedum","station-bedum"
"station beek - elsloo","beek","station-beek---elsloo"
"station beesd","beesd","station-beesd"
"station beilen","beilen","station-beilen"
"station bergen op zoom","bergen op zoom","station-bergen-op-zoom"
"station best","best","station-best"
"station beverwijk","beverwijk","station-beverwijk"
"station bilthoven","bilthoven","station-bilthoven"
"station bloemendaal","bloemendaal","station-bloemendaal"
"station bodegraven","bodegraven","station-bodegraven"
"station borne","borne","station-borne"
"station boskoop","boskoop","station-boskoop"
"station bovenkarspel flora","bovenkarspel","station-bovenkarspel-flora"
"station bovenkarspel grootebroek","bovenkarspel","station-bovenkarspel-grootebroek"
"station boxmeer","boxmeer","station-boxmeer"
"station boxtel","boxtel","station-boxtel"
"station breda","breda","station-breda"
"station breda prinsenbeek","breda","station-breda-prinsenbeek"
"station breukelen","breukelen","station-breukelen"
"station brummen","brummen","station-brummen"
"station buitenpost","buitenpost","station-buitenpost"
"station bunde","bunde","station-bunde"
"station bunnik","bunnik","station-bunnik"
"station bussum-zuid","bussum","station-bussum-zuid"
"station castricum","castricum","station-castricum"
"station coevorden","coevorden","station-coevorden"
"station cuijk","cuijk","station-cuijk"
"station culemborg","culemborg","station-culemborg"
"station daarlerveen","daarlerveen","station-daarlerveen"
"station dalen","dalen","station-dalen"
"station dalfsen","dalfsen","station-dalfsen"
"station deinum","deinum","station-deinum"
"station delden","delden","station-delden"
"station delft","deflt","station-delft"
"station delft-zuid","delft","station-delft-zuid"
"station delfzijl","delfzijl","station-delfzijl"
"station delfzijl west","delfzijl","station-delfzijl-west"
"station den bosch","'s hertogenbosch","station-den-bosch"
"station den dolder","den dolder","station-den-dolder"
"station den haag mariahoeve","den haag","station-den-haag-mariahoeve"
"station den helder","den helder","station-den-helder"
"station den helder zuid","den helder","station-den-helder-zuid"
"station deurne","deurne","station-deurne"
"station deventer","deventer","station-deventer"
"station deventer-colmschate","colmschate","station-deventer-colmschate"
"station didam","didam","station-didam"
"station diemen","diemen","station-diemen"
"station diemen-zuid","diemen","station-diemen-zuid"
"station dieren","dieren","station-dieren"
"station doetinchem","doetinchem","station-doetinchem"
"station doetinchem de huet","doetinchem","station-doetinchem-de-huet"
"station dordrecht","dordrecht","station-dordrecht"
"station dordrecht-stadspolders","dordrecht","station-dordrecht-stadspolders"
"station dordrecht-zuid","dordrecht","station-dordrecht-zuid"
"station driehuis","driehuis","station-driehuis"
"station driemanspolder","zoetermeer","station-driemanspolder"
"station dronrijp","dronrijp","station-dronrijp"
"station duiven","duiven","station-duiven"
"station duivendrecht","duivendrecht","station-duivendrecht"
"station echt","echt","station-echt"
"station ede centraal","ede","station-ede-centraal"
"station ede-wageningen","ede","station-ede-wageningen"
"station eijsden","eijsden","station-eijsden"
"station eindhoven","eindhoven","station-eindhoven"
"station eindhoven beukenlaan","eindhoven","station-eindhoven-beukenlaan"
"station elst","elst","station-elst"
"station emmen","emmen","station-emmen"
"station emmen bargeres","emmen","station-emmen-bargeres"
"station enkhuizen","enkhuizen","station-enkhuizen"
"station enschede","enschede","station-enschede"
"station enschede drienerlo","enschede","station-enschede-drienerlo"
"station ermelo","ermelo","station-ermelo"
"station etten-leur","etten-leur","station-etten-leur"
"station franeker","franeker","station-franeker"
"station geldermalsen","geldermalsen","station-geldermalsen"
"station geldrop","geldrop","station-geldrop"
"station geleen lutterade","geleen","station-geleen-lutterade"
"station geleen oost","geleen","station-geleen-oost"
"station glanerbrug","glanerbrug","station-glanerbrug"
"station goes","goes","station-goes"
"station goor","goor","station-goor"
"station gorinchem","gorinchem","station-gorinchem"
"station gouda","gouda","station-gouda"
"station gouda goverwelle","gouda","station-gouda-goverwelle"
"station gramsbergen","gramsbergen","station-gramsbergen"
"station grijpskerk","grijpskerk","station-grijpskerk"
"station groningen","groningen","station-groningen"
"station groningen noord","groningen","station-groningen-noord"
"station grou-irnsum","grou","station-grou-irnsum"
"station haarlem","haarlem","station-haarlem"
"station hardegarijp","hardegarijp","station-hardegarijp"
"station hardenberg","hardenberg","station-hardenberg"
"station harderwijk","harderwijk","station-harderwijk"
"station hardinxveld-giessendam","hardinxveld-giessendam","station-hardinxveld-giessendam"
"station haren","haren","station-haren"
"station harlingen","harlingen","station-harlingen"
"station harlingen haven","harlingen","station-harlingen-haven"
"station heemskerk","heemskerk","station-heemskerk"
"station heerenveen","heerenveen","station-heerenveen"
"station heerhugowaard","heerhugowaard","station-heerhugowaard"
"station heerlen","heerlen","station-heerlen"
"station heeze","heeze","station-heeze"
"station heiloo","heiloo","station-heiloo"
"station heino","heino","station-heino"
"station helmond","helmond","station-helmond"
"station helmond brouwhuis","helmond","station-helmond-brouwhuis"
"station helmond 't hout","helmond","station-helmond--t-hout"
"station hemmen-dodewaard","dodewaard","station-hemmen-dodewaard"
"station hengelo","hengelo","station-hengelo"
"station hengelo oost","hengelo","station-hengelo-oost"
"station hillegom","hillegom","station-hillegom"
"station hilversum","hilversum","station-hilversum"
"station hilversum noord","hilversum","station-hilversum-noord"
"station hilversum sportpark","hilversum","station-hilversum-sportpark"
"station hindeloopen","hindeloopen","station-hindeloopen"
"station hoek van holland haven","hoek van holland","station-hoek-van-holland-haven"
"station hoek van holland strand","hoek van holland","station-hoek-van-holland-strand"
"station hoensbroek","hoensbroek","station-hoensbroek"
"station hollandsche rading","hollandsche rading","station-hollandsche-rading"
"station holten","holten","station-holten"
"station hoofddorp","hoofddorp","station-hoofddorp"
"station hoogeveen","hoogeveen","station-hoogeveen"
"station hoogezand-sappemeer","sappemeer","station-hoogezand-sappemeer"
"station hoogkarspel","hoogkarspel","station-hoogkarspel"
"station hoorn","hoorn","station-hoorn"
"station hoorn kersenboogerd","hoorn","station-hoorn-kersenboogerd"
"station houten","houten","station-houten"
"station ijlst","ijlst","station-ijlst"
"station kampen","kampen","station-kampen"
"station kerkrade","kerkrade","station-kerkrade"
"station kerkrade chevremont","kerkrade","station-kerkrade-chevremont"
"station kesteren","kesteren","station-kesteren"
"station klarenbeek","klarenbeek","station-klarenbeek"
"station klimmen-ransdaal","klimmen","station-klimmen-ransdaal"
"station krabbendijke","krabbendijke","station-krabbendijke"
"station krommenie-assendelft","krommenie","station-krommenie-assendelft"
"station kropswolde","kropswolde","station-kropswolde"
"station kruiningen-yerseke","kruiningen","station-kruiningen-yerseke"
"station landgraaf","landgraaf","station-landgraaf"
"station leerdam","leerdam","station-leerdam"
"station leeuwarden","leeuwarden","station-leeuwarden"
"station leeuwarden camminghaburen","leeuwarden","station-leeuwarden-camminghaburen"
"station leiden centraal","leiden","station-leiden"
"station leiden de vink","leiden","station-leiden-de-vink"
"station leiden lammenschans","leiden","station-leiden-lammenschans"
"station lelystad centrum","lelystad","station-lelystad-centrum"
"station lochem","lochem","station-lochem"
"station loppersum","loppersum","station-loppersum"
"station lunteren","lunteren","station-lunteren"
"station maarn","maarn","station-maarn"
"station maassluis","maassluis","station-maassluis"
"station maassluis west","maassluis","station-maassluis-west"
"station maastricht","maastricht","station-maastricht"
"station maastricht randwyck","maastricht","station-maastricht-randwyck"
"station mantgum","mantgum","station-mantgum"
"station mariënberg","mariã&laquo;nberg","station-marienberg"
"station meerssen","meerssen","station-meerssen"
"station meppel","meppel","station-meppel"
"station middelburg","middelburg","station-middelburg"
"station naarden-bussum","bussum","station-naarden-bussum"
"station nieuw vennep","nieuw vennep","station-nieuw-vennep"
"station nieuwerkerk aan den ijssel","nieuwerkerk aan den ijssel","station-nieuwerkerk-aan-den-ijssel"
"station nijkerk","nijkerk","station-nijkerk"
"station nijmegen","nijmegen","station-nijmegen"
"station nijmegen dukenburg","nijmegen","station-nijmegen-dukenburg"
"station nijmegen heyendaal","nijmegen","station-nijmegen-heyendaal"
"station nijverdal","nijverdal","station-nijverdal"
"station nunspeet","nunspeet","station-nunspeet"
"station nuth","nuth","station-nuth"
"station obdam","obdam","station-obdam"
"station oisterwijk","oisterwijk","station-oisterwijk"
"station oldenzaal","oldenzaal","station-oldenzaal"
"station olst","olst","station-olst"
"station ommen","ommen","station-ommen"
"station onderuit","amstelveen","station-onderuit"
"station oosterbeek","oosterbeek","station-oosterbeek"
"station opheusden","opheusden","station-opheusden"
"station oss","oss","station-oss"
"station oss west","oss","station-oss-west"
"station oudenbosch","oudenbosch","station-oudenbosch"
"station overveen","overveen","station-overveen"
"station pijnacker","pijnacker","station-pijnacker"
"station purmerend","purmerend","station-purmerend"
"station purmerend overwhere","purmerend","station-purmerend-overwhere"
"station putten","putten","station-putten"
"station raalte","raalte","station-raalte"
"station ravenstein","ravenstein","station-ravenstein"
"station reuver","reuver","station-reuver"
"station rheden","rheden","station-rheden"
"station rhenen","rhenen","station-rhenen"
"station rijssen","rijssen","station-rijssen"
"station rijswijk","rijswijk","station-rijswijk"
"station rilland-bath","rilland","station-rilland-bath"
"station roermond","roermond","station-roermond"
"station roodeschool","roodeschool","station-roodeschool"
"station roosendaal","roosendaal","station-roosendaal"
"station rosmalen","rosmalen","station-rosmalen"
"station rotterdam alexander","rotterdam","station-rotterdam-alexander"
"station rotterdam bergweg","rotterdam","station-rotterdam-bergweg"
"station rotterdam blaak","rotterdam","station-rotterdam-blaak"
"station rotterdam centraal","rotterdam","station-rotterdam-centraal"
"station rotterdam hofplein","rotterdam","station-rotterdam-hofplein"
"station rotterdam kleiweg","rotterdam","station-rotterdam-kleiweg"
"station rotterdam lombardijen","rotterdam","station-rotterdam-lombardijen"
"station rotterdam noord","rotterdam","station-rotterdam-noord"
"station rotterdam wilgenplas","rotterdam","station-rotterdam-wilgenplas"
"station rotterdam zuid","rotterdam","station-rotterdam-zuid"
"station ruurlo","ruurlo","station-ruurlo"
"station 's hertogenbosch oost","'s hertogenbosch","station--s-hertogenbosch-oost"
"station santpoort noord","santpoort noord","station-santpoort-noord"
"station santpoort zuid","santpoort zuid","station-santpoort-zuid"
"station sappemeer oost","sappemeer","station-sappemeer-oost"
"station schagen","schagen","station-schagen"
"station scheemda","scheemda","station-scheemda"
"station schiedam rotterdam west","schiedam","station-schiedam-rotterdam-west"
"station schiedam-nieuwland","schiedam","station-schiedam-nieuwland"
"station schin op geul","schin op geul","station-schin-op-geul"
"station schinnen","schinnen","station-schinnen"
"station schiphol","luchthaven schiphol","station-schiphol"
"station seghwaert","zoetermeer","station-seghwaert"
"station sittard","sittard","station-sittard"
"station sliedrecht","sliedrecht","station-sliedrecht"
"station sneek","sneek","station-sneek"
"station sneek noord","sneek","station-sneek-noord"
"station soest","soest","station-soest"
"station soest zuid","soest","station-soest-zuid"
"station spaubeek","spaubeek","station-spaubeek"
"station stavoren","stavoren","station-stavoren"
"station stedum","stedum","station-stedum"
"station steenwijk","steenwijk","station-steenwijk"
"station susteren","susteren","station-susteren"
"station swalmen","swalmen","station-swalmen"
"station 't harde","'t harde","station--t-harde"
"station tegelen","tegelen","station-tegelen"
"station terborg","terborg","station-terborg"
"station the hague central","den haag","station-the-hague-central"
"station the hague hs","den haag","station-the-hague-hs"
"station tiel","tiel","station-tiel"
"station tilburg","tilburg","station-tilburg"
"station tilburg west","tilburg","station-tilburg-west"
"station uitgeest","uitgeest","station-uitgeest"
"station uithuizen","uithuizen","station-uithuizen"
"station uithuizermeeden","uithuizermeeden","station-uithuizermeeden"
"station usquert","usquert","station-usquert"
"station utrecht centraal","utrecht","station-utrecht-centraal"
"station utrecht maliebaan","utrecht","station-utrecht-maliebaan"
"station utrecht overvecht","utrecht","station-utrecht-overvecht"
"station utrecht-lunetten","utrecht","station-utrecht-lunetten"
"station valkenburg","valkenburg","station-valkenburg"
"station varsseveld","varsseveld","station-varsseveld"
"station veenendaal","veenendaal","station-veenendaal"
"station veenendaal de klomp","de klomp","station-veenendaal-de-klomp"
"station veenendaal west","veenendaal","station-veenendaal-west"
"station veenwouden","veenwouden","station-veenwouden"
"station velp","velp","station-velp"
"station venlo","venlo","station-venlo"
"station vierlingsbeek","vierlingsbeek","station-vierlingsbeek"
"station vlaardingen centrum","vlaardingen","station-vlaardingen-centrum"
"station vlaardingen oost","vlaardingen","station-vlaardingen-oost"
"station vlaardingen west","vlaardingen","station-vlaardingen-west"
"station vleuten","vleuten","station-vleuten"
"station vlissingen","vlissingen","station-vlissingen"
"station voerendaal","voerendaal","station-voerendaal"
"station voorburg","voorburg","station-voorburg"
"station voorburg - 't loo","voorburg","station-voorburg----t-loo"
"station voorschoten","voorschoten","station-voorschoten"
"station vorden","vorden","station-vorden"
"station vroomshoop","vroomshoop","station-vroomshoop"
"station vught","vught","station-vught"
"station waddinxveen","waddinxveen","station-waddinxveen"
"station warffum","warffum","station-warffum"
"station weert","weert","station-weert"
"station weesp","weesp","station-weesp"
"station wehl","wehl","station-wehl"
"station wezep","wezep","station-wezep"
"station wierden","wierden","station-wierden"
"station wijchen","wijchen","station-wijchen"
"station wijhe","wijhe","station-wijhe"
"station winschoten","winschoten","station-winschoten"
"station winsum","winsum","station-winsum"
"station winterswijk","winterswijk","station-winterswijk"
"station woerden","woerden","station-woerden"
"station wolfheze","wolfheze","station-wolfheze"
"station wolvega","wolvega","station-wolvega"
"station workum","workum","station-workum"
"station wormerveer","wormerveer","station-wormerveer"
"station zaandam","zaandam","station-zaandam"
"station zaandam kogerveld","zaandam","station-zaandam-kogerveld"
"station zaltbommel","zaltbommel","station-zaltbommel"
"station zandvoort","zandvoort","station-zandvoort"
"station zevenaar","zevenaar","station-zevenaar"
"station zevenbergen","zevenbergen","station-zevenbergen"
"station zoetermeer","zoetermeer","station-zoetermeer"
"station zoetermeer centrum west","zoetermeer","station-zoetermeer-centrum-west"
"station zoetermeer delftsewallen","zoetermeer","station-zoetermeer-delftsewallen"
"station zoetermeer dorp","zoetermeer","station-zoetermeer-dorp"
"station zoetermeer stadhuis","zoetermeer","station-zoetermeer-stadhuis"
"station zoetermeer-de leyens","zoetermeer","station-zoetermeer-de-leyens"
"station zoetermeer-leidsewallen","zoetermeer","station-zoetermeer-leidsewallen"
"station zoetermeer-meerzicht","zoetermeer","station-zoetermeer-meerzicht"
"station zoetermeer-oost","zoetermeer","station-zoetermeer-oost"
"station zoetermeer-palenstein","zoetermeer","station-zoetermeer-palenstein"
"station zoetermeer-voorweg","zoetermeer","station-zoetermeer-voorweg"
"station zuidbroek","zuidbroek","station-zuidbroek"
"station zuidhorn","zuidhorn","station-zuidhorn"
"station zutphen","zutphen","station-zutphen"
"station zwaagwesteinde","zwaagwesteinde","station-zwaagwesteinde"
"station zwijndrecht","zwijndrecht","station-zwijndrecht"
"station zwolle","zwolle","station-zwolle"
"stedelijk museum amsterdam","amsterdam","stedelijk-museum-amsterdam"
"stedelijk museum roermond","roermond","stedelijk-museum-roermond"
"stedelijk museum zwolle","zwolle","stedelijk-museum-zwolle"
"steenkolenmijn daalhemergroeve","valkenburg","steenkolenmijn-daalhemergroeve"
"strijen golf club","strijen","strijen-golf-club"
"supper club","amsterdam","supper-club"
"suykerberg golf","teteringen","suykerberg-golf"
"sybrook","enschede","sybrook-golf"
"'t jeudje","hoorn","t-jeudje"
"'t loon","heerlen","t-loon"
"teafactory","houwerzijl","teafactory"
"technical museum delft","delft","technical-museum-delft"
"teleparking","heerlen","teleparking1"
"texelse golf","de cocksdorp","texelse-golf"
"the dutch coinmuseum","utrecht","the-dutch-coinmuseum"
"the hague central","den haag","the-hague-central"
"the rembrandt house museum","amsterdam","the-rembrandt-house-museum"
"theater aan het spui","den haag","theater-aan-het-spui"
"theater aan het vrijthof","maastricht","theater-aan-het-vrijthof"
"theater bellevue","amsterdam","theater-bellevue"
"theater carré","amsterdam","theater-carre"
"theater de brakke grond","amsterdam","theater-de-brakke-grond"
"theater de engelenbak","amsterdam","theater-de-engelenbak"
"theater de flint","amersfoort","theater-de-flint"
"theater de goffert","nijmegen","theater-de-goffert"
"theater de kleine komedie","amsterdam","theater-de-kleine-komedie"
"theater de lievekamp","oss","theater-de-lievekamp"
"theater de meervaart","amsterdam","theater-de-meervaart"
"theater de oosterpoort","groningen","theater-de-oosterpoort"
"theater de rode hoed","amsterdam","theater-de-rode-hoed"
"theater diligentia","den haag","theater-diligentia"
"theater figi","zeist","theater-figi"
"theater 't spant","bussum","theater--t-spant"
"theater zuidplein","rotterdam","theater-zuidplein"
"theaterfabriek amsterdam","amsterdam","theaterfabriek-amsterdam"
"theatermuseum amsterdam","amsterdam","theatermuseum-amsterdam"
"thermae 2000","valkenburg aan de geul","thermae-2000"
"thermenmuseum","heerlen","thermenmuseum"
"thialf","heerenveen","thialf"
"tolbrug","den bosch","tolbrug"
"tongelreep g &amp; cc","eindhoven","tongelreep-golf"
"torengarage","den haag","torengarage"
"toxandria golf","molenschot","toxandria-golf"
"toymuseum de kijkdoos","hoorn","toymuseum-de-kijkdoos"
"toysmuseum deventer","deventer","toysmuseum-deventer"
"transferium","sittard","transferium"
"tropenmuseum amsterdam","amsterdam","tropenmuseum-amsterdam"
"tuschinski theater","amsterdam","tuschinkski-theater"
"tussenmeer","amsterdam","tussenmeer"
"tweewieler museum","workum","tweewieler-museum"
"twentsche golfclub","ambt delden","twentsche-golf"
"udo golf oestgeest","oestgeest","udo-golf-oestgeest"
"vakantiepark duinrell","wassenaar","vakantiepark-duinrell"
"valkenburgs grottenaquarium","valkenburg","valkenburgs-grottenaquarium"
"van gogh house","veenoord","van-gogh-house"
"van gogh museum","amsterdam","van-gogh-museum1"
"veerkaden","den haag","veerkaden"
"veldzijde golf","wilnis","veldzijde-golf"
"veluwse golf club","hoog soeren","veluwse-golf-club"
"verzetsmuseum friesland","leeuwarden","verzetsmuseum-friesland"
"vitalizee","scheveningen","vitalizee"
"vlietlanden golfbaan","wervershoof","de-vlietlanden-golf"
"vogelpark avifauna","alphen aan den rijn","vogelpark-avifauna"
"volendams museum","volendam","volendams-museum"
"vondelpark","amsterdam","vondelpark"
"voorschotense golf club","voorschoten","voorschotense-golf-club"
"vossenhole golf","tilburg","vossenhole-golf"
"vredenburg","utrecht","vredenburg"
"vrijthof","maastricht","vrijthof"
"vrijthof","maastricht","vrijthof1"
"walibi world","biddinghuizen","walibi-world"
"waterlandse golf club","amsterdam","waterlandse-golf"
"waterloo square","amsterdam","waterloo-square"
"welderen golf","elst","welderen-golf"
"welschap golf","eindhoven","welschap-golf"
"westerhaven","groningen","westerhaven"
"westerkerk","amsterdam","westerkerk"
"westerwolde golf","vlagtwedde","westerwolde-golf"
"westfriese golf","westwoud","westfriese-golf"
"wijchen golf","wijchen","de-berendonck-golf"
"winkelcentrum noorderbrug","maastricht","winkelcentrum-noorderbrug"
"winterswijk golf","winterswijk","winterswijk-golf"
"woeste kop golf","axel","de-woeste-kop-golf"
"world trade center amsterdam","amsterdam","world-trade-center-amsterdam"
"world's narrowest house","amsterdam","world-s-narrowest-house"
"wouwse plantage golfclub","bergen op zoom","wouwse-plantage-golf"
"wtc expo leeuwarden","leeuwarden","wtc-expo-leeuwarden"
"zaanse golf","wijdewormer","zaanse-golf"
"zaantheater","zaandam","zaantheater"
"zandvoort open golf","zandvoort","open-golf-zandvoort"
"zandvoorts museum","zandvoort","zandvoorts-museum"
"zee-aquarium bergen aan zee","bergen aan zee","zee-aquarium-bergen-aan-zee"
"zeegersloot golf","alphen a/d rijn","zeegersloot-golf"
"zeehondencreche","pieterburen","zeehondencreche"
"zeeuws museum","middelburg","zeeuws-museum"
"zeewolde gc","zeewolde","zeewolde-golf"
"zelle golfbaan","hengelo","zelle-golf"
"zoetermeer golf","zoetermeer","zoetermeer-golf"
"zuid limburgse golf","mechelen","zuid-limburgse-golf"
"zuidplein","rotterdam","zuidplein"
"zwolle golfclub","zwolle","zwolle-golf"
