"code","airport","town / city","distance"
"abr","aberdeen regional airport","aberdeen","n/a"
"abi","abilene regional airport","abilene","n/a"
"spi","abraham lincoln capital airport","springfield","n/a"
"ara","acadiana regional airport","new iberia","n/a"
"mfv","accomack county airport","melfa","n/a"
"adk","adak airport","adak","n/a"
"lit","adams field","little rock","n/a"
"ekx","addington field","elizabethtown","n/a"
"ads","addison airport","dallas","n/a"
"slk","adirondack regional airport","saranac lake","n/a"
"afo","afton municipal airport","afton","n/a"
"aik","aiken municipal airport","aiken","n/a"
"anw","ainsworth municipal airport","ainsworth","n/a"
"iln","airborne airpark","wilmington","n/a"
"akk","akhiok airport","akhiok","n/a"
"aki","akiak airport","akiak","n/a"
"nmm","akin airport","topton","n/a"
"akc","akron fulton international airport","akron","n/a"
"cak","akron-canton regional airport","akron","n/a"
"ako","akron-washington county airport","akron","n/a"
"kqa","akutan seaplane base","akutan","n/a"
"auk","alakanuk airport","alakanuk","n/a"
"alm","alamogordo-white sands regional airport","alamogordo","n/a"
"alb","albany county airport","albany","n/a"
"oaj","albert j ellis airport","jacksonville","n/a"
"ael","albert lea municipal airport","albert lea","n/a"
"spg","albert whitted airport","saint petersburg","n/a"
"fep","albertus airport","freeport","n/a"
"bvn","albion municipal airport","albion","n/a"
"abq","albuquerque international airport","albuquerque","n/a"
"wkk","aleknagik airport","aleknagik","n/a"
"esf","alexandria esler regional airport","alexandria","n/a"
"axg","algona municipal airport","algona","n/a"
"ali","alice international airport","alice","n/a"
"alz","alitak seaplane base","akhiok","n/a"
"aet","allakaket airport","alatna","n/a"
"agc","allegheny county airport","pittsburgh","n/a"
"big","allen army air field","delta junction","n/a"
"bkt","allen c perkinson municipal airport","blackstone","n/a"
"aia","alliance municipal airport","alliance","n/a"
"dma","allied airstrip","rankin","n/a"
"apn","alpena county regional airport","alpena","n/a"
"ale","alpine-casparis municipal airport","alpine","n/a"
"aoo","altoona-blair county airport","altoona","n/a"
"aat","alturas municipal airport","alturas","n/a"
"axs","altus municipal airport","welon","n/a"
"afm","ambler airport","ambler","n/a"
"ahh","amery municipal airport","amery","n/a"
"amw","ames municipal airport","ames","n/a"
"aos","amook bay seaplane base","NULL","n/a"
"ots","anacortes airport","anacortes","n/a"
"akp","anaktuvuk pass airport","anaktuvuk pass","n/a"
"anc","anchorage international airport","anchorage","n/a"
"and","anderson county airport","greenbriar","n/a"
"aid","anderson municipal airport","chesterfield","n/a"
"lfk","angelina county airport","lufkin","n/a"
"agn","angoon seaplane base","angoon","n/a"
"ani","aniak airport","aniak","n/a"
"amk","animas air park","durango","n/a"
"ikv","ankeny regional airport","ankeny","n/a"
"arb","ann arbor municipal airport","ann arbor","n/a"
"anb","anniston-calhoun county airport","anniston","n/a"
"afp","anson county airport","wadesboro","n/a"
"any","anthony municipal airport","anthony","n/a"
"ate","antlers municipal airport","antlers","n/a"
"acb","antrim county airport","bellaire","n/a"
"anv","anvik airport","anvik","n/a"
"aaf","apalachicola municipal airport","franklin","n/a"
"apv","apple valley county airport","apple valley","n/a"
"rkp","aransas county airport","rockport","n/a"
"apa","arapahoe county airport","meridian","n/a"
"ahf","arapahoe municipal airport","arapahoe","n/a"
"acv","arcata airport","clam beach","n/a"
"arc","arctic village airport","arctic village","n/a"
"ahd","ardmore downtown executive airport","ardmore","n/a"
"adm","ardmore municipal airport","ardmore","n/a"
"gky","arlington municipal airport","arlington","n/a"
"awo","arlington municipal airport","arlington","n/a"
"lbe","arnold palmer regional airport","latrobe","n/a"
"ats","artesia municipal airport","artesia","n/a"
"cin","arthur n neu airport","carroll","n/a"
"avl","asheville municipal airport","asheville","n/a"
"jfn","ashtabula county airport","ashtabula","n/a"
"ase","aspen-pitkin county airport-sardy field","woody creek","n/a"
"ahn","athens-ben epps airport","athens","n/a"
"pts","atkinson municipal airport","pittsburg","n/a"
"acy","atlantic city international airport","atlantic city","n/a"
"aio","atlantic municipal airport","atlantic","n/a"
"att","atmautluak airport","atmautluak","n/a"
"aqr","atoka municipal airport","atoka","n/a"
"aun","auburn municipal airport","auburn","n/a"
"auo","auburn-opelika robert g pitts airport","auburn","n/a"
"lew","auburn/lewiston municipal airport","lewiston junction","n/a"
"aug","augusta state airport","hallowell","n/a"
"uao","aurora state airport","aurora","n/a"
"asq","austin airport","austin","n/a"
"aum","austin municipal airport","austin","n/a"
"grb","austin straubel international airport","green bay","n/a"
"amg","bacon county airport","alma","n/a"
"bgt","bagdad airport","bagdad","n/a"
"bke","baker municipal airport","estes (historical)","n/a"
"bwi","baltimore-washington international airport","baltimore","n/a"
"bgr","bangor international airport","bangor","n/a"
"bng","banning municipal airport","banning","n/a"
"pah","barkley regional airport","paducah","n/a"
"baf","barnes municipal airport","owen district","n/a"
"hya","barnstable municipal airport-boardman/polando field","hyannis","n/a"
"dag","barstow daggett county airport","daggett","n/a"
"bti","barter island lrrs airport","kaktovik","n/a"
"bvo","bartlesville municipal airport","bartlesville","n/a"
"bow","bartow municipal airport","bartow","n/a"
"mob","bates field","mobile","n/a"
"bvx","batesville regional airport","batesville","n/a"
"btr","baton rouge metropolitan airport","baton rouge","n/a"
"bde","baudette international airport","baudette","n/a"
"bpk","baxter county regional airport","midway","n/a"
"byy","bay city municipal airport","bay city","n/a"
"hpy","baytown airport","baytown","n/a"
"bcc","bear creek 3 airport","folger","n/a"
"fbg","beard airport","summertime","n/a"
"bie","beatrice municipal airport","beatrice","n/a"
"bty","beatty airport","beatty","n/a"
"bft","beaufort marine corps air station","grays hill","n/a"
"bmt","beaumont municipal airport","beaumont","n/a"
"dri","beauregard parish airport","holiday mobile home park","n/a"
"wbq","beaver airport","beaver","n/a"
"nuw","becker's landing airport","anacortes","n/a"
"bec","beech factory airport","wichita","n/a"
"bli","bellingham international airport","bellingham","n/a"
"bvu","beluga airport","beluga","n/a"
"bji","bemidji-beltrami county airport","skyline mobile park","n/a"
"bbb","benson municipal airport","benson","n/a"
"vbt","bentonville municipal airport","bentonville","n/a"
"aus","bergstrom ars airport","austin","n/a"
"bml","berlin municipal airport","milan","n/a"
"udd","bermuda dunes airport","palm springs","n/a"
"btm","bert mooney airport","butte","n/a"
"bet","bethel airport","bethel","n/a"
"jbt","bethel seaplane base","bethel","n/a"
"btt","bettles airport","old bettles (historical)","n/a"
"bvy","beverly municipal airport","beverly","n/a"
"iab","beyer farm airport","derby","n/a"
"bys","bicycle lake army airfield","fort irwin","n/a"
"rbf","big bear city airport","big bear city","n/a"
"bgq","big lake airport","big lake","n/a"
"bpi","big piney-marbleton airport","marbleton","n/a"
"foz","bigfork municipal airport","bigfork","n/a"
"bif","biggs army air field","aero vista","n/a"
"hnc","billy mitchell airport","hatteras","n/a"
"bgm","binghamton regional airport-edwin a link field","binghamton","n/a"
"kbc","birch creek airport","birch creek","n/a"
"bcv","birchwood airport","birchwood","n/a"
"bhm","birmingham municipal airport-north","kingsway terrace","n/a"
"bsq","bisbee municipal airport","bisbee","n/a"
"dug","bisbee-douglas international airport","double adobe","n/a"
"bih","bishop airport","shady rest trailer and recreational vehicle park","n/a"
"fnt","bishop international airport","flint","n/a"
"bis","bismarck municipal airport","bismarck","n/a"
"spf","black hills airport","spearfish","n/a"
"bdg","blanding municipal airport","blanding","n/a"
"bid","block island state airport","block island","n/a"
"bmi","bloomington-normal airport","colonial meadows","n/a"
"cnk","blosser municipal airport","concordia","n/a"
"y72","bloyer field","tomah","n/a"
"blu","blue canyon-nyack airport","emigrant gap","n/a"
"lex","blue grass airport","lexington","n/a"
"blh","blythe airport","blythe","n/a"
"hka","blytheville municipal airport","blytheville","n/a"
"ian","bob baker memorial airport","kiana","n/a"
"cew","bob sikes airport","crestview","n/a"
"bct","boca raton airport","boca raton","n/a"
"ash","boire field","nashua","n/a"
"boi","boise air terminal","hillcrest","n/a"
"hro","boone county airport","harrison","n/a"
"bnw","boone municipal airport","boone","n/a"
"bxs","borrego valley airport","borrego springs","n/a"
"bsw","boswell bay airport","boswell bay","n/a"
"bld","boulder city municipal airport","mckeeversville (historical)","n/a"
"wbu","boulder municipal airport","boulder","n/a"
"hqm","bowerman airport","hoquiam","n/a"
"eln","bowers field","ellensburg","n/a"
"bwg","bowling green-warren county regional airport","bowling green","n/a"
"lou","bowman field","louisville","n/a"
"bpp","bowman municipal airport","bowman","n/a"
"poc","brackett field","la verne","n/a"
"bfd","bradford regional airport","bradford","n/a"
"bdl","bradley international airport","hartford","n/a"
"bbd","brady curtis field","brady","n/a"
"brd","brainerd-crow wing county regional airport","lazy acre's trailer court","n/a"
"oqn","brandywine airport","commons at goshen","n/a"
"njw","bravo field outlying","bluff springs","n/a"
"bwc","brawley municipal airport","brawley","n/a"
"ljn","brazoria county airport","snipe","n/a"
"bwp","breckenridge-wahpeton interstate airport","boise de sioux mobile estates","n/a"
"pwt","bremerton national airport","bremerton","n/a"
"kts","brevig mission airport","brevig mission","n/a"
"hde","brewster field","holdrege","n/a"
"xbp","bridgeport municipal airport","bridgeport","n/a"
"tto","britton municipal airport","britton","n/a"
"bbw","broken bow municipal airport","broken bow","n/a"
"wsh","brookhaven airport","shirley","n/a"
"bkx","brookings municipal airport","brookings","n/a"
"bok","brookings state airport","brookings","n/a"
"bfm","brookley airport","cox","n/a"
"sdm","brown field municipal airport","san diego","n/a"
"bro","brownsville-south padre island international airport","brownsville","n/a"
"bwd","brownwood municipal airport","early","n/a"
"e30","bruce field","ballinger","n/a"
"nhz","brunswick naval air station","brunswick","n/a"
"bce","bryce canyon airport","bryce canyon","n/a"
"ccr","buchanan field","concord","n/a"
"bxk","buckeye municipal airport","buckeye","n/a"
"bvk","buckland airport","buckland","n/a"
"bkf","buckley air national guard base","side creek","n/a"
"bur","burbank-glendale-pasadena airport","burbank","n/a"
"bkl","burke lakefront airport","cleveland","n/a"
"byi","burley municipal airport","burley","n/a"
"vay","burlington county airpark","fostertown","n/a"
"btv","burlington international airport","burlington","n/a"
"brl","burlington municipal airport","burlington","n/a"
"buu","burlington municipal airport","burlington","n/a"
"bno","burns municipal airport","burns","n/a"
"efc","bus field","belle fourche","n/a"
"ags","bush field","augusta","n/a"
"btp","butler-graham airport","brownsdale","n/a"
"fcs","butts army air field","fountain","n/a"
"tup","c d lemons municipal airport","tupelo","n/a"
"crs","c david campbell field-corsicana municipal airport","corsicana","n/a"
"ccb","cable airport","upland","n/a"
"dov","caesar rodney helistop","schoolview","n/a"
"cir","cairo airport","klondike","n/a"
"eul","caldwell industrial airport","caldwell","n/a"
"llx","caledonia county airport","lyndonville","n/a"
"cxl","calexico international airport","calexico","n/a"
"cge","cambridge-dorchester airport","cambridge","n/a"
"53t","cannon field","somerset","n/a"
"ctk","canton municipal airport","canton","n/a"
"ttw","cantwell airport","cantwell","n/a"
"cny","canyonlands field","moab","n/a"
"2b1","cape cod airport","pondsville","n/a"
"cgi","cape girardeau municipal airport","cape girardeau","n/a"
"lur","cape lisburne lrrs airport","wevok","n/a"
"wwd","cape may county airport","wildwood","n/a"
"ehm","cape newenham lrrs airport","NULL","n/a"
"czf","cape romanzof lrrs airport","NULL","n/a"
"fft","capital city airport","frankfort","n/a"
"har","capital city airport","harrisburg","n/a"
"puc","carbon county airport","price","n/a"
"car","caribou municipal airport","caribou","n/a"
"x13","carrabelle-thompson airport","yent place","n/a"
"f37","carrizozo municipal airport","carrizozo","n/a"
"csn","carson airport","carson city","n/a"
"cgz","casa grande municipal airport","casa grande","n/a"
"czk","cascade locks-stevenson state airport","cascade locks","n/a"
"mer","castle airport aviation and development center","merced","n/a"
"avx","catalina airport","avalon","n/a"
"cnm","cavern city air terminal","carlsbad","n/a"
"cdc","cedar city regional airport","cedar city","n/a"
"cid","cedar rapids municipal airport","cedar rapids","n/a"
"ghm","centerville municipal airport","centerville","n/a"
"cem","central airport","central","n/a"
"owk","central maine airport of norridgewock","sandy river","n/a"
"gri","central nebraska regional airport","grand island","n/a"
"cwa","central wisconsin airport","mosinee","n/a"
"enl","centralia municipal airport","centralia","n/a"
"cdr","chadron municipal airport","chadron","n/a"
"cik","chalkyitsik airport","chalkyitsik","n/a"
"ykn","chan gurney municipal airport","yankton","n/a"
"wcr","chandalar lake airport","chandalar","n/a"
"axn","chandler field","alexandria","n/a"
"cqb","chandler municipal airport","davenport","n/a"
"chd","chandler municipal airport","chandler","n/a"
"cnu","chanute martin johnson airport","chanute","n/a"
"gdw","charles c zettel memorial airport","gladwin","n/a"
"ccy","charles city municipal airport","doubleday","n/a"
"chs","charleston international airport","north charleston","n/a"
"09m","charleston municipal airport","charleston","n/a"
"cvx","charlevoix municipal airport","charlevoix","n/a"
"pgd","charlotte county airport","punta gorda isles","n/a"
"clt","charlotte/douglas international airport","charlotte","n/a"
"cho","charlottesville-albemarle airport","charlottesville","n/a"
"cqx","chatham municipal airport","chatham","n/a"
"cym","chatham seaplane base","chatham","n/a"
"dkk","chautauqua county-dunkirk airport","dunkirk","n/a"
"jhw","chautauqua county-jamestown airport","jamestown","n/a"
"cyf","chefornak airport","chefornak","n/a"
"hcw","cheraw municipal airport","isgett circle","n/a"
"jkv","cherokee county airport","jacksonville","n/a"
"ckp","cherokee municipal airport","onawa junction","n/a"
"tvc","cherry capital airport","traverse city","n/a"
"nkt","cherry point marine corps air station","cherry point (historical)","n/a"
"cpk","chesapeake municipal airport","cornland","n/a"
"fkl","chess-lamberton airport","mapledale","n/a"
"cth","chester county g o carlson airport","coatesville","n/a"
"vak","chevak airport","chevak","n/a"
"cys","cheyenne airport","cheyenne","n/a"
"mdw","chicago midway airport","chicago","n/a"
"ord","chicago o'hare international airport","chicago","n/a"
"chk","chickasha municipal airport","chickasha","n/a"
"cic","chico municipal airport","chico","n/a"
"ajc","chignik airport","chignik","n/a"
"kbw","chignik bay seaplane base","chignik","n/a"
"kcg","chignik fisheries airport","chignik lagoon","n/a"
"kcl","chignik lagoon airport","chignik lagoon","n/a"
"kcq","chignik lake airport","chignik lake","n/a"
"cds","childress municipal airport","childress","n/a"
"cno","chino airport","chino","n/a"
"ciu","chippewa county international airport","sault ste. marie","n/a"
"eau","chippewa valley regional airport","eau claire","n/a"
"czn","chisana airport","chisana","n/a"
"hib","chisholm-hibbing airport","hibbing","n/a"
"chu","chuathbaluk airport","chuathbaluk","n/a"
"luk","cincinnati cincinnati municipal airport lunken field","cincinnati","n/a"
"cvg","cincinnati-northern kentucky international airport","cincinnati","n/a"
"chp","circle hot springs airport","circle hot springs station","n/a"
"cos","city of colorado springs municipal airport","colorado springs","n/a"
"irk","clarence cannon memorial airport","millard","n/a"
"clp","clarks point airport","clarks point","n/a"
"h35","clarksville municipal airport","clarksville","n/a"
"ast","clatsop county airport","jeffers garden","n/a"
"cao","clayton municipal airport","clayton","n/a"
"clw","clearwater air park","clearwater","n/a"
"ceu","clemson-oconee county airport","clemson forest","n/a"
"cle","cleveland-hopkins international airport","cleveland","n/a"
"clk","clinton municipal airport","east junction","n/a"
"cwi","clinton municipal airport","clinton","n/a"
"csm","clinton-sherman airport","clinton","n/a"
"tcm","clover park vocational technical school airport","monta vista","n/a"
"cvn","clovis municipal airport","clovis","n/a"
"clg","coalinga municipal airport","coalinga","n/a"
"coe","coeur d'alene air terminal","hayden","n/a"
"cfv","coffeyville municipal airport","coffeyville","n/a"
"kcc","coffman cove seaplane base","coffman cove","n/a"
"cbk","colby municipal airport","colby","n/a"
"cdb","cold bay airport","cold bay","n/a"
"cxf","coldfoot airport","coldfoot","n/a"
"com","coleman municipal airport","coleman","n/a"
"mto","coles county memorial airport","loxa","n/a"
"cgs","college park airport","college park","n/a"
"azc","colorado city municipal airport","colorado city","n/a"
"coa","columbia airport","columbia","n/a"
"hcc","columbia county airport","hudson","n/a"
"cae","columbia metropolitan airport","columbia","n/a"
"cub","columbia owens downtown airport","arthurtown","n/a"
"cou","columbia regional airport","columbia","n/a"
"clu","columbus bakalar municipal airport","columbus","n/a"
"csg","columbus metropolitan airport","columbus","n/a"
"olu","columbus municipal airport","columbus","n/a"
"ubs","columbus-lowndes county airport","columbus","n/a"
"con","concord municipal airport","concord","n/a"
"dgw","converse county airport","douglas","n/a"
"cop","cooperstown-westville airport","cooperstown","n/a"
"cro","corcoran airport","corcoran","n/a"
"cku","cordova municipal airport","cordova","n/a"
"crp","corpus christi international airport","corpus christi","n/a"
"cez","cortez-montezuma county airport","cortez","n/a"
"cvo","corvallis municipal airport","corvallis","n/a"
"cot","cotulla cotulla-la salle county airport","cotulla","n/a"
"cfd","coulter field","bryan","n/a"
"cil","council airport","council","n/a"
"cbf","council bluffs municipal airport","council bluffs","n/a"
"prx","cox field","paris","n/a"
"czd","cozad municipal airport","cozad","n/a"
"sem","craig field","selma","n/a"
"crg","craig municipal airport","jacksonville","n/a"
"cga","craig seaplane base","craig","n/a"
"28m","cranland airport","hanson","n/a"
"csq","creston municipal airport","creston","n/a"
"ckf","crisp county-cordele airport","cordele","n/a"
"rdr","cronquist field","gilby","n/a"
"ckd","crooked creek airport","crooked creek","n/a"
"ckn","crookston municipal airport-kirkwood field","crookston","n/a"
"cty","cross city airport","cross city","n/a"
"csv","crossville memorial airport","howard springs","n/a"
"mic","crystal airport","minneapolis","n/a"
"t71","cuero municipal airport","cuero","n/a"
"vhn","culberson county airport","van horn","n/a"
"cjr","culpeper county airport","elkwood","n/a"
"cbe","cumberland airport","wiley ford","n/a"
"cuh","cushing municipal airport","cushing","n/a"
"ctb","cut bank municipal airport","cut bank","n/a"
"tnt","dade-collier training and transition airport","trail center","n/a"
"dht","dalhart municipal airport","dalhart","n/a"
"dal","dallas love field","dallas","n/a"
"dfw","dallas/fort worth international airport","minters chapel","n/a"
"dnn","dalton municipal airport","dalton","n/a"
"dxr","danbury municipal airport","danbury","n/a"
"msn","dane county regional airport-truax field","madison","n/a"
"dnl","daniel field","augusta","n/a"
"mgm","dannelly field","montgomery","n/a"
"dsv","dansville municipal airport","dansville","n/a"
"dan","danville regional airport","danville","n/a"
"ves","darke county airport","versailles","n/a"
"dvn","davenport municipal airport","davenport","n/a"
"dwh","david wayne hooks memorial airport","houston","n/a"
"2d8","davis airport","cadgewith farms mobile home park","n/a"
"gdv","dawson community airport","glendive","n/a"
"dab","daytona beach regional airport","daytona beach","n/a"
"scc","deadhorse airport","deadhorse","n/a"
"dec","decatur airport","decatur","n/a"
"bge","decatur county industrial air park","bainbridge","n/a"
"dcr","decatur hi-way airport","rivare","n/a"
"deh","decorah municipal airport","decorah","n/a"
"dew","deer park airport","deer park","n/a"
"dee","deering airport","deering","n/a"
"dfi","defiance memorial airport","defiance","n/a"
"dkb","dekalb taylor municipal airport","cortland","n/a"
"pdk","dekalb-peachtree airport","atlanta","n/a"
"drt","del rio international airport","del rio","n/a"
"esc","delta county airport","escanaba","n/a"
"djn","delta junction airport","delta junction","n/a"
"dta","delta municipal airport","delta","n/a"
"dmn","deming municipal airport","deming","n/a"
"dns","denison municipal airport","denison","n/a"
"dto","denton municipal airport","denton","n/a"
"den","denver international airport","denver","n/a"
"lol","derby field","lovelock","n/a"
"dsm","des moines international airport","des moines","n/a"
"dra","desert rock airport","mercury","n/a"
"dts","destin-fort walton beach airport","destin","n/a"
"det","detroit city airport","detroit","n/a"
"dtl","detroit lakes airport","richards","n/a"
"dtw","detroit metropolitan wayne county airport","detroit","n/a"
"dvl","devils lake municipal airport","devils lake","n/a"
"dik","dickinson municipal airport","dickinson","n/a"
"een","dillant-hopkins airport","keene","n/a"
"hdh","dillingham airfield","mokuleia","n/a"
"dlg","dillingham airport","dillingham","n/a"
"dln","dillon airport","dillon","n/a"
"dll","dillon county airport","dillon","n/a"
"ddc","dodge city municipal airport","dodge city","n/a"
"unu","dodge county airport","juneau","n/a"
"gdc","donaldson center airport","greenville","n/a"
"sue","door county cherryland airport","sturgeon bay","n/a"
"dhn","dothan airport","dothan","n/a"
"dqh","douglas municipal airport","douglas","n/a"
"dgl","douglas municipal airport","douglas","n/a"
"dyl","doylestown airport","doylestown","n/a"
"fyv","drake field","fayetteville","n/a"
"dre","drummond island airport","drummond","n/a"
"duj","du bois-jefferson county airport","allens mills","n/a"
"dbq","dubuque regional airport","dubuque","n/a"
"dlh","duluth international airport","duluth","n/a"
"dpa","dupage county airport","west chicago","n/a"
"dro","durango-la plata county airport","durango","n/a"
"pou","dutchess county airport","poughkeepsie","n/a"
"dtg","dwight airport","dwight","n/a"
"eaa","eagle airport","eagle","n/a"
"ege","eagle county regional airport","eagle","n/a"
"eye","eagle creek airpark","indianapolis","n/a"
"egv","eagle river union airport","eagle river","n/a"
"dua","eaker field","durant","n/a"
"bwl","earl henry airport","blackwell","n/a"
"hto","east hampton airport","wainscott","n/a"
"izg","eastern slopes regional airport","fryeburg","n/a"
"mrb","eastern west virginia regional airport","grubbs corner","n/a"
"cll","easterwood field","college station","n/a"
"ezm","eastman-dodge county airport","lowery","n/a"
"esn","easton municipal airport","north easton","n/a"
"esw","easton state airport","easton","n/a"
"ede","edenton municipal airport","cape colony","n/a"
"mpv","edward f knapp state airport","berlin corners","n/a"
"ecu","edwards county airport","rocksprings","n/a"
"eek","eek airport","eek","n/a"
"eii","egegik airport","egegik","n/a"
"kek","ekwok airport","ekwok","n/a"
"njk","el centro naval air facility","seeley","n/a"
"emt","el monte airport","el monte","n/a"
"elp","el paso international airport","el paso","n/a"
"elv","elfin cove seaplane base","elfin cove","n/a"
"eli","elim airport","elim","n/a"
"ecg","elizabeth city municipal airport","hickory village - mobile home park","n/a"
"fid","elizabeth field","fishers island","n/a"
"ekm","elkhart municipal airport","elkhart","n/a"
"eha","elkhart-morton county airport","elkhart","n/a"
"eko","elko municipal airport-j c harris field","elko","n/a"
"efd","ellington field","houston","n/a"
"elm","elmira-corning regional airport","big flats airport","n/a"
"ely","ely airport-yelland field","ely","n/a"
"enm","emmonak airport","emmonak","n/a"
"emp","emporia municipal airport","emporia","n/a"
"emv","emporia municipal airport","james river junction","n/a"
"wdg","enid woodring municipal airport","shea","n/a"
"ets","enterprise municipal airport","enterprise","n/a"
"eph","ephrata municipal airport","ephrata","n/a"
"oma","eppley airfield","omaha","n/a"
"eri","erie international airport","erie","n/a"
"prc","ernest a. love field","prescott","n/a"
"cdw","essex county airport","caldwell","n/a"
"eue","eureka airport","eureka","n/a"
"eka","eureka city airport","fairhaven","n/a"
"evw","evanston-uinta county burns field","evanston","n/a"
"evv","evansville regional airport","evansville","n/a"
"9c8","evart municipal airport","evart","n/a"
"evm","eveleth-virginia municipal airport","eveleth","n/a"
"odx","evelyn sharp field","ord","n/a"
"exi","excursion inlet seaplane base","excursion inlet","n/a"
"orl","executive airport","orlando","n/a"
"fai","fairbanks international airport","fairbanks","n/a"
"fwc","fairfield municipal airport","fairfield","n/a"
"ffl","fairfield municipal airport","fairfield","n/a"
"frm","fairmont municipal airport","fairmont","n/a"
"msc","falcon field","mesa","n/a"
"nfl","fallon municipal airport","fallon","n/a"
"inl","falls international airport","international falls","n/a"
"kfp","false pass airport","false pass","n/a"
"ida","fanning field","idaho falls","n/a"
"fkk","farewell lake seaplane base","NULL","n/a"
"fbl","faribault municipal airport","faribault","n/a"
"fam","farmington regional airport","farmington","n/a"
"fvx","farmville municipal airport","reeds","n/a"
"fay","fayetteville municipal airport","fayetteville","n/a"
"sff","felts field","spokane","n/a"
"ffm","fergus falls municipal/einar mickelson field","fergus falls","n/a"
"fhb","fernandina beach municipal airport","fernandina beach","n/a"
"fes","festus memorial airport","festus","n/a"
"fka","fillmore county airport","preston","n/a"
"fdy","findlay airport","findlay","n/a"
"ffa","first flight airport","kill devil hills","n/a"
"eyf","fisher field","mount olive","n/a"
"fpk","fitch h beach airport","charlotte","n/a"
"fit","fitchburg municipal airport","fitchburg","n/a"
"fmc","five mile airport","NULL","n/a"
"rir","flabob airport","rubidoux","n/a"
"flg","flagstaff pulliam airport","flagstaff","n/a"
"ckm","fletcher field","clarksdale","n/a"
"flo","florence regional airport","florence","n/a"
"fcm","flying cloud airport","minneapolis","n/a"
"blv","flying l airport","lebanon","n/a"
"rmn","flying t farm airport","stafford","n/a"
"fld","fond du lac county airport","fond du lac","n/a"
"foe","forbes field","topeka","n/a"
"fxy","forest city municipal airport","forest city","n/a"
"hop","fort campbell u. s. army airfield","fort campbell north","n/a"
"fnl","fort collins-loveland municipal airport","redmond","n/a"
"fod","fort dodge municipal airport","fort dodge","n/a"
"grk","fort hood robert gray aaf ft hood","montague village","n/a"
"fxe","fort lauderdale executive airport","fort lauderdale","n/a"
"fll","fort lauderdale-hollywood international airport","fort lauderdale","n/a"
"fsw","fort madison municipal airport","fort madison","n/a"
"fsk","fort scott municipal airport","fort scott","n/a"
"fsm","fort smith municipal airport","fort smith","n/a"
"fst","fort stockton fort stockton-pecos county airport","fort stockton","n/a"
"fsu","fort sumner municipal airport","fort sumner","n/a"
"fwa","fort wayne municipal airport","fort wayne","n/a"
"afw","fort worth alliance airport","fort worth","n/a"
"ftw","fort worth meacham airport","fort worth","n/a"
"fws","fort worth spinks airport","fort worth","n/a"
"fyu","fort yukon airport","fort yukon","n/a"
"fse","fosston municipal airport","fosston","n/a"
"fmn","four corners regional airport","farmington","n/a"
"mls","frank wiley field","miles city","n/a"
"uos","franklin county airport","sewanee","n/a"
"fkn","franklin municipal-john beverly rose airport","franklin","n/a"
"fdk","frederick municipal airport","frederick","n/a"
"fdr","frederick municipal airport","frederick","n/a"
"ser","freeman municipal airport","seymour","n/a"
"fet","fremont municipal airport","fremont","n/a"
"frh","french lick municipal airport","french lick","n/a"
"rbk","french valley airport","murrieta hot springs  (historical)","n/a"
"fat","fresno air terminal airport","fresno","n/a"
"fch","fresno-chandler downtown airport","west park","n/a"
"fhr","friday harbor airport","friday harbor","n/a"
"fbs","friday harbor seaplane base","friday harbor","n/a"
"sun","friedman memorial airport","hailey","n/a"
"ftg","front range airport","denver","n/a"
"ful","fullerton municipal airport","fullerton","n/a"
"rcr","fulton county airport","rochester","n/a"
"fty","fulton county airport-brown field","atlanta","n/a"
"pql","fundarosa airport","helena","n/a"
"fnr","funter bay seaplane base","funter","n/a"
"gab","gabbs airport","gabbs","n/a"
"gad","gadsden municipal airport","siberton","n/a"
"gle","gainesville municipal airport","gainesville","n/a"
"gnv","gainesville regional airport","gainesville","n/a"
"gbh","galbraith lake airport","NULL","n/a"
"gal","galena airport","galena","n/a"
"gbg","galesburg municipal airport","galesburg","n/a"
"gqq","galion municipal airport","galion","n/a"
"bzn","gallatin field airport","bozeman","n/a"
"gup","gallup municipal airport","gallup","n/a"
"gam","gambell airport","gambell","n/a"
"gck","garden city municipal airport","mansfield","n/a"
"gdm","gardner municipal airport","gardner","n/a"
"ril","garfield county regional airport","rifle","n/a"
"uva","garner field","uvalde","n/a"
"gyy","gary municipal airport","gary","n/a"
"bos","general edward lawrence logan international airport","boston","n/a"
"mke","general mitchell international airport","milwaukee","n/a"
"wjf","general william j fox airfield","antelope acres","n/a"
"iah","george bush intercontinental airport - houston","houston","n/a"
"aiv","george downer airport","aliceville","n/a"
"bxa","george r carr memorial air field","bogalusa","n/a"
"cdk","george t lewis airport","cedar key","n/a"
"gge","georgetown county airport","georgetown","n/a"
"grr","gerald r. ford international airport","grand rapids","n/a"
"see","gillespie field","town and country mobile home park","n/a"
"gcc","gillette-campbell county airport","gillette","n/a"
"fca","glacier park international airport","kalispell","n/a"
"ggw","glasgow international airport","glasgow","n/a"
"glw","glasgow municipal airport","glasgow","n/a"
"geu","glendale municipal airport","glendale","n/a"
"bqk","glynco jetport airport","brunswick","n/a"
"ftk","godman army air field","fort knox","n/a"
"gol","gold beach municipal airport","gold beach","n/a"
"gtr","golden triangle regional airport","billups","n/a"
"glv","golovin airport","golovin","n/a"
"gld","goodland municipal airport","goodland","n/a"
"gnu","goodnews airport","goodnews bay","n/a"
"eld","goodwin field","el dorado","n/a"
"grn","gordon municipal airport","gordon","n/a"
"gcn","grand canyon national park airport","grand canyon village","n/a"
"gcw","grand canyon west airport","NULL","n/a"
"gfk","grand forks international airport","grand forks","n/a"
"grm","grand marais-cook county airport","grand marais","n/a"
"gpz","grand rapids-itasca county/gordon newstrom field","country acres mobile home park","n/a"
"cre","grand strand airport","north myrtle beach","n/a"
"mwh","grant county airport","moses lake north","n/a"
"gnt","grants-milan municipal airport","grants","n/a"
"gtg","grantsburg municipal airport","grantsburg","n/a"
"amn","gratiot community airport","eugene","n/a"
"kgx","grayling airport","grayling","n/a"
"gyi","grayson county airport","pottsboro","n/a"
"gbd","great bend municipal airport","great bend","n/a"
"gtf","great falls international airport","great falls","n/a"
"buf","greater buffalo international airport","buffalo","n/a"
"ikk","greater kankakee airport","kankakee","n/a"
"pia","greater peoria regional airport","peoria","n/a"
"pmh","greater portsmouth regional airport","portsmouth","n/a"
"roc","greater rochester international airport","rochester","n/a"
"gxy","greeley-weld county airport","greeley","n/a"
"lwb","greenbrier valley airport","lewisburg","n/a"
"gcy","greeneville municipal airport","bradburn hill","n/a"
"cft","greenlee county airport","three way","n/a"
"gre","greenville airport","greenville","n/a"
"gmu","greenville downtown airport","greenville","n/a"
"glh","greenville international airport","greenville","n/a"
"gsp","greenville-spartanburg airport","greenville","n/a"
"grd","greenwood county airport","greenwood","n/a"
"gwo","greenwood-leflore airport","greenwood","n/a"
"ggg","gregg county airport","longview","n/a"
"pbf","grider field","pine bluff","n/a"
"sky","griffing sandusky airport","sandusky","n/a"
"gus","grissom air force base / peru","grissom air force base","n/a"
"gon","groton-new london airport","midway","n/a"
"gpt","gulfport-biloxi regional airport","gulfport","n/a"
"gkn","gulkana airport","gulkana","n/a"
"guc","gunnison county airport","gunnison","n/a"
"gst","gustavus airport","gustavus","n/a"
"guy","guymon municipal airport","guymon","n/a"
"gwr","gwinner-roger melroe field airport","gwinner","n/a"
"hns","haines airport","haines","n/a"
"pvw","hale county airport","plainview","n/a"
"haf","half moon bay airport","half moon bay","n/a"
"duc","halliburton field","duncan","n/a"
"bab","hammonton air strip","hammonton","n/a"
"hnm","hana airport","hāna","n/a"
"bhb","hancock county-bar harbor airport","bar harbor","n/a"
"hjo","hanford municipal airport","hanford","n/a"
"hez","hardy-anders field natchez-adams county airport","natchez","n/a"
"cdh","harrell field","camden","n/a"
"slt","harriet alexander field","salida","n/a"
"aqw","harriman and west airport","north adams","n/a"
"mdt","harrisburg international airport","harrisburg","n/a"
"asl","harrison county airport","marshall","n/a"
"ptn","harry p williams memorial airport","patterson","n/a"
"hfd","hartford-brainard airport","hartford","n/a"
"vsf","hartness state airport (springfield)","springfield","n/a"
"atl","hartsfield - jackson atlanta international airport","atlanta","n/a"
"hsi","hastings municipal airport","hastings","n/a"
"hax","hatbox field","muskogee","n/a"
"hbg","hattiesburg municipal airport","mars hill","n/a"
"hvr","havre city/county airport","havre","n/a"
"hks","hawkins field","jackson","n/a"
"hhr","hawthorne municipal airport","cypave","n/a"
"hth","hawthorne municipal airport","babbitt","n/a"
"hys","hays municipal airport","toulon","n/a"
"hwd","hayward air terminal airport","russell city","n/a"
"hzl","hazleton municipal airport","hazleton","n/a"
"hrr","healy river airport","healy","n/a"
"lhb","hearne municipal airport","hearne","n/a"
"hjh","hebron municipal airport","hebron","n/a"
"far","hector international airport","fargo","n/a"
"hln","helena regional airport","helena","n/a"
"hmt","hemet-ryan airport","hemet","n/a"
"ehr","henderson city-county airport","henderson","n/a"
"hnz","henderson-oxford airport","oxford","n/a"
"pht","henry county airport","paris","n/a"
"tma","henry tift myers airport","tifton","n/a"
"hri","hermiston municipal airport","hermiston","n/a"
"bkv","hernando county airport","brooksville","n/a"
"lul","hesler-noble field","laurel","n/a"
"hky","hickory municipal airport","longview","n/a"
"hlc","hill city municipal airport","hill city","n/a"
"ito","hilo international airport","hilo","n/a"
"hxd","hilton head airport","hilton head","n/a"
"hbr","hobart municipal airport","babbs","n/a"
"hob","hobbs airport","hobbs","n/a"
"hli","hollister municipal airport","hollister","n/a"
"hcr","holy cross airport","holy cross","n/a"
"hom","homer airport","homer","n/a"
"hdo","hondo municipal airport","hondo","n/a"
"hnl","honolulu international airport","honolulu","n/a"
"mhn","hooker county airport","mullen","n/a"
"hnh","hoonah airport","hoonah","n/a"
"hpb","hooper bay airport","hooper bay","n/a"
"m18","hope municipal airport","hope","n/a"
"1b6","hopedale industrial park airport","hopedale","n/a"
"cmx","houghton county memorial airport","hancock","n/a"
"hul","houlton international airport","houlton","n/a"
"hum","houma-terrebonne airport","houma","n/a"
"hus","hughes airport","hughes","n/a"
"hud","humboldt municipal airport","humboldt","n/a"
"lnd","hunt field","lander","n/a"
"svn","hunter u. s. army airfield","southside mobile estates","n/a"
"uts","huntsville municipal airport","huntsville","n/a"
"hsv","huntsville-madison co jetport-carl t jones","huntsville","n/a"
"hon","huron regional airport","huron","n/a"
"hsl","huslia airport","huslia","n/a"
"bgd","hutchinson county airport","borger","n/a"
"hut","hutchinson municipal airport","hutchinson","n/a"
"hcd","hutchinson municipal airport","heatwole","n/a"
"hyg","hydaburg seaplane base","hydaburg","n/a"
"whd","hyder seaplane base","hyder","n/a"
"icy","icy bay airport","NULL","n/a"
"igg","igiugig airport","igiugig","n/a"
"bdr","igor i sikorsky memorial airport","bridgeport","n/a"
"ili","iliamna airport","iliamna","n/a"
"vys","illinois valley regional airport","dalzell","n/a"
"imm","immokalee airport","immokalee","n/a"
"ipl","imperial county airport","imperial","n/a"
"iml","imperial municipal airport","imperial","n/a"
"idp","independence municipal airport","independence","n/a"
"uto","indian mountain lrrs airport","NULL","n/a"
"idi","indiana county/jimmy stewart field","indiana","n/a"
"ind","indianapolis international airport","indianapolis","n/a"
"iyk","inyokern airport","inyokern","n/a"
"iow","iowa city municipal airport","iowa city","n/a"
"ith","ithaca tompkins regional airport","ithaca","n/a"
"deq","j lynn helms airport","chapel hill","n/a"
"guf","jack edwards airport","gulf shores","n/a"
"cec","jack mcnamara field","crescent city","n/a"
"jac","jackson hole airport","jackson","n/a"
"jan","jackson international airport","jackson","n/a"
"jax","jacksonville international airport","jacksonville","n/a"
"nzc","jacksonville cecil field airport","jacksonville","n/a"
"nip","jacksonville naval air station","jacksonville","n/a"
"afn","jaffrey municipal-silver ranch airport","jaffrey","n/a"
"day","james m cox dayton international airport","dayton","n/a"
"jms","jamestown municipal airport","jamestown","n/a"
"rnz","jasper county airport","rensselaer","n/a"
"bjc","jeffco airport","countryside","n/a"
"jef","jefferson city memorial airport","jefferson city","n/a"
"bpt","jefferson county airport","beauxart gardens","n/a"
"twd","jefferson county international airport","port townsend","n/a"
"ekn","jennings randolph field","arnold hill","n/a"
"lxn","jim kelly field","lexington","n/a"
"fsd","joe foss field","sioux falls","n/a"
"jda","john day state airport","john day","n/a"
"jfk","john f kennedy international airport","new york","n/a"
"asx","john f kennedy memorial airport","ashland","n/a"
"rac","john h batten field","racine","n/a"
"sna","john wayne airport","santa ana","n/a"
"byg","johnson county airport","buffalo","n/a"
"ojc","johnson county executive airport","olathe","n/a"
"jci","johnson county industrial airport","clare","n/a"
"jst","johnstown-cambria county airport","johnstown","n/a"
"f00","jones field","bonham","n/a"
"jbr","jonesboro municipal airport","jonesboro","n/a"
"jvm","jonesville mine airport","sutton","n/a"
"jln","joplin regional airport","joplin","n/a"
"jdn","jordan airport","jordan","n/a"
"jnu","juneau international airport","juneau city and borough","n/a"
"ogg","kahului airport","kahului","n/a"
"afe","kake airport","kake","n/a"
"jrf","kalaeloa airport-john rodgers field","kapolei","n/a"
"azo","kalamazoo-battle creek international airport","kalamazoo","n/a"
"lup","kalaupapa airport","kalaupapa","n/a"
"klg","kalskag airport","kalskag","n/a"
"kal","kaltag airport","kaltag","n/a"
"knb","kanab municipal airport","kanab","n/a"
"mci","kansas city international airport","kansas city","n/a"
"mkc","kansas city kansas city downtown airport","kansas city","n/a"
"jhm","kapalua airport","lahaina","n/a"
"ofk","karl stefan memorial airport","norfolk","n/a"
"kyk","karluk airport","karluk","n/a"
"kuk","kasigluk airport","kasigluk","n/a"
"1b2","katama airpark airport","edgartown","n/a"
"ear","kearney municipal airport","kearney","n/a"
"bkh","kekaha pacific missile test facility barking sands","waieli","n/a"
"kls","kelso-longview airport","longview junction","n/a"
"emm","kemmerer municipal airport","kemmerer","n/a"
"ena","kenai municipal airport","kenai","n/a"
"tmb","kendall-tamiami executive airport","miami","n/a"
"knt","kennett memorial airport","kennett","n/a"
"enw","kenosha regional airport","kenosha","n/a"
"eok","keokuk municipal airport","keokuk","n/a"
"wfb","ketchikan harbor seaplane base","ketchikan","n/a"
"ktn","ketchikan international airport","ketchikan","n/a"
"mei","key field","meridian","n/a"
"eyw","key west international airport","key west","n/a"
"kip","kickapoo downtown airport","wichita falls","n/a"
"ibm","kimball municipal airport-robert e arraj field","kimball","n/a"
"kvc","king cove airport","king cove","n/a"
"akn","king salmon airport","king salmon","n/a"
"igm","kingman airport","kingman","n/a"
"lmt","kingsley field","klamath falls","n/a"
"nqi","kingsville naval air station","kingsville","n/a"
"iik","kipnuk airport","kipnuk","n/a"
"itr","kit carson county airport","burlington","n/a"
"kkb","kitoi bay seaplane base","NULL","n/a"
"kvl","kivalina airport","kivalina","n/a"
"akw","klawock airport","klawock","n/a"
"rkd","knox county regional airport","rockland","n/a"
"dkx","knoxville downtown island airport","knoxville","n/a"
"obu","kobuk airport","kobuk","n/a"
"adq","kodiak airport","kodiak","n/a"
"kdk","kodiak municipal airport","kodiak","n/a"
"okk","kokomo municipal airport","kokomo","n/a"
"koa","kona international airport","kailua-kona","n/a"
"kkh","kongiganak airport","kongiganak","n/a"
"kot","kotlik airport","kotlik","n/a"
"kka","koyuk airport","koyuk","n/a"
"kyu","koyukuk airport","koyukuk","n/a"
"kwt","kwethluk airport","kwethluk","n/a"
"kwk","kwigillingok airport","kwigillingok","n/a"
"lse","la crosse municipal airport","north la crosse","n/a"
"lgd","la grande municipal airport","hot lake","n/a"
"lga","la guardia airport","new york","n/a"
"lhx","la junta municipal airport","la junta","n/a"
"lpo","la porte municipal airport","south laporte","n/a"
"lci","laconia municipal airport","laconia","n/a"
"lft","lafayette regional airport","lafayette","n/a"
"lch","lake charles regional airport","lake charles","n/a"
"lcq","lake city municipal airport","lake city","n/a"
"lxv","lake county airport","leadville","n/a"
"lkv","lake county-lakeview airport","lakeview","n/a"
"hii","lake havasu city airport","lake havasu city","n/a"
"lhd","lake hood seaplane base","anchorage","n/a"
"lkp","lake placid airport","lake placid","n/a"
"tvl","lake tahoe airport","south lake tahoe","n/a"
"new","lakefront airport","new orleans","n/a"
"lal","lakeland linder regional airport","lakeland","n/a"
"arv","lakeland-noble f lee memorial field","woodruff","n/a"
"laa","lamar municipal airport","lamar","n/a"
"stl","lambert-saint louis international airport","st. louis","n/a"
"lny","lanai airport","lanai","n/a"
"lns","lancaster airport","lancaster","n/a"
"lan","lansing capital city airport","lansing","n/a"
"lar","laramie regional airport","laramie","n/a"
"lrd","laredo international airport","nuevo laredo","n/a"
"kln","larsen bay airport","larsen bay","n/a"
"lru","las cruces international airport","las cruces","n/a"
"lsv","las vegas city hall helispot","north las vegas","n/a"
"lvs","las vegas municipal airport","las vegas","n/a"
"hsh","las vegas-henderson sky harbor","sloan","n/a"
"ifp","laughlin/bullhead city airport","bullhead city","n/a"
"mxe","laurinburg-maxton airport","maxton","n/a"
"htw","lawrence county airpark","sybene","n/a"
"bed","lawrence g hanscom field","bedford","n/a"
"mwc","lawrence j timmerman airport","milwaukee","n/a"
"lwc","lawrence municipal airport","lawrence","n/a"
"lwm","lawrence municipal airport","lawrence","n/a"
"lwv","lawrenceville-vincennes international airport","lawrenceville","n/a"
"now","lawson airpark","port angeles","n/a"
"law","lawton municipal airport","lawton","n/a"
"lrj","le mars municipal airport","le mars","n/a"
"leb","lebanon municipal airport","lebanon","n/a"
"anp","lee airport","annapolis","n/a"
"aiz","lee c fine memorial airport","passover","n/a"
"gvl","lee gilmer memorial airport","gainesville","n/a"
"jyo","leesburg executive airport","leesburg","n/a"
"lee","leesburg municipal airport","silver lake","n/a"
"abe","lehigh valley international airport","allentown","n/a"
"smn","lemhi county airport","salmon","n/a"
"adg","lenawee county airport","adrian","n/a"
"lot","lewis university airport","nottingham ridge","n/a"
"lws","lewiston airport","lewiston orchards","n/a"
"lwt","lewistown municipal airport","lewistown","n/a"
"exx","lexington municipal airport","green needles","n/a"
"lbl","liberal municipal airport","liberal","n/a"
"lih","lihue airport","lihue","n/a"
"aoh","lima allen county airport","lima","n/a"
"lic","limon municipal airport","limon","n/a"
"lnk","lincoln municipal airport","lincoln","n/a"
"ldj","linden airport","linden","n/a"
"luf","litchfield airport","litchfield park","n/a"
"lvk","livermore municipal airport","livermore","n/a"
"aqo","llano municipal airport","llano","n/a"
"bil","logan international airport","billings","n/a"
"lgu","logan-cache airport","logan","n/a"
"lpc","lompoc airport","lompoc","n/a"
"lnp","lonesome pine airport","wise","n/a"
"lgb","long beach airport","long beach","n/a"
"isp","long island macarthur airport","islip","n/a"
"xvg","longville municipal airport","longville","n/a"
"lps","lopez island airport","lopez","n/a"
"lpr","lorain county regional airport","twin lakes homes","n/a"
"lam","los alamos airport","los alamos","n/a"
"lax","los angeles international airport","los angeles","n/a"
"lsn","los banos municipal airport","los banos","n/a"
"lfn","louisburg franklin county airport","louisburg","n/a"
"cha","lovell field","chattanooga","n/a"
"lbb","lubbock international airport","lubbock","n/a"
"ery","luce county airport","newberry","n/a"
"lbt","lumberton municipal airport","lumberton","n/a"
"olf","lyman clayton airport","pleasant valley (historical)","n/a"
"lyh","lynchburg regional airport-preston glenn field","city farm","n/a"
"mcf","macdill air force base fl.","port tampa communities","n/a"
"mcd","mackinac island airport","mackinac island","n/a"
"mqb","macomb municipal airport","macomb","n/a"
"mae","madera municipal airport","madera","n/a"
"mdn","madison municipal airport","madison","n/a"
"xmd","madison municipal airport","madison","n/a"
"dxx","madison-lac qui parle county airport","madison","n/a"
"ago","magnolia municipal airport","magnolia","n/a"
"eug","mahlon sweet field","eugene","n/a"
"gvt","majors airport","greenville","n/a"
"ssi","malcolm mc kinnon airport","brunswick","n/a"
"mmh","mammoth lakes airport","whitmore hot springs","n/a"
"mht","manchester airport","manchester","n/a"
"mhk","manhattan municipal airport","manhattan","n/a"
"mbl","manistee county-blacker airport","newland","n/a"
"mkt","mankato regional airport","mankato","n/a"
"mly","manley hot springs airport","manley hot springs","n/a"
"kmo","manokotak airport","manokotak","n/a"
"mfd","mansfield mansfield lahm municipal airport","amoy","n/a"
"mrk","marco island airport","marco island","n/a"
"mrf","marfa municipal airport","marfa","n/a"
"oar","marina municipal airport","marina","n/a"
"flp","marion county regional airport","flippin","n/a"
"9b1","marlboro airport","marlborough","n/a"
"fri","marshall airfield","fort riley-camp whiteside","n/a"
"mfi","marshfield municipal airport","marshfield","n/a"
"mtn","martin state airport","baltimore","n/a"
"faf","mary immaculate hospital heliport","newport news","n/a"
"mcw","mason city municipal airport","mason city","n/a"
"ldm","mason county airport","ludington","n/a"
"mss","massena international airport-richards field","massena","n/a"
"mhr","mather aiport","mather field","n/a"
"sjt","mathis field","negro crossing","n/a"
"egp","maverick county memorial international airport","eagle pass","n/a"
"mxf","maxwell air force base / montgomery","montgomery","n/a"
"myk","may creek airport","may creek","n/a"
"mlc","mcalester regional airport","frink","n/a"
"mfe","mcallen miller international airport","francis addition colonia","n/a"
"myl","mccall airport","mccall","n/a"
"las","mccarran international airport","las vegas","n/a"
"mxy","mccarthy airport","mccarthy","n/a"
"mcc","mcclellan airfield","sacramento","n/a"
"cld","mcclellan-palomar airport","carlsbad","n/a"
"mcb","mccomb-pike county airport-john e lewis field","fernwood","n/a"
"mck","mccook municipal airport","wilcox trailer court","n/a"
"tys","mcghee tyson airport","knoxville","n/a"
"mcg","mcgrath airport","mcgrath","n/a"
"mkl","mckellar field","oak grove","n/a"
"inr","mckinley national park airport","mckinley park","n/a"
"tki","mckinney municipal airport","mckinney","n/a"
"mmi","mcminn county airport","athens","n/a"
"mmv","mcminnville municipal airport","eola village","n/a"
"sle","mcnary field","four corners","n/a"
"bfl","meadows field","bakersfield","n/a"
"avc","mecklenburg-brunswick regional airport","south hill","n/a"
"mdr","medfra airport","medfra","n/a"
"eeo","meeker airport","meeker","n/a"
"tlr","mefford field","tulare","n/a"
"myu","mekoryuk airport","mekoryuk","n/a"
"mlb","melbourne international airport","melbourne","n/a"
"hot","memorial field","hot springs","n/a"
"mem","memphis international airport","memphis","n/a"
"mce","merced municipal airport","merced","n/a"
"blf","mercer county airport","bluefield","n/a"
"cdv","merle k 'mudhole' smith airport","cordova","n/a"
"mri","merrill field","anchorage","n/a"
"coi","merritt island airport","merritt island","n/a"
"kic","mesa del rey airport","king city","n/a"
"tdz","metcalf field","toledo","n/a"
"mtm","metlakatla seaplane base","metlakatla","n/a"
"oak","metropolitan oakland international airport","oakland","n/a"
"mia","miami international airport","miami","n/a"
"mio","miami municipal airport","miami","n/a"
"oxd","miami university airport","oxford","n/a"
"mgc","michigan city municipal airport","waterford","n/a"
"mcn","middle georgia regional airport","macon","n/a"
"fyj","middle peninsula regional airport","west point","n/a"
"gzh","middleton field","evergreen","n/a"
"mwo","middletown regional/hook field airport","harlan park","n/a"
"mdd","midland airpark","midland","n/a"
"maf","midland international airport","midland","n/a"
"red","mifflin county airport","reedsville","n/a"
"mlf","milford municipal airport","yellow banks","n/a"
"miq","millard airport","omaha","n/a"
"vtn","miller field","valentine","n/a"
"mlt","millinocket municipal airport","millinocket","n/a"
"miv","millville municipal airport","millville","n/a"
"mhm","minchumina airport","lake minchumina","n/a"
"mwl","mineral wells airport","mineral wells","n/a"
"msp","minneapolis-saint paul international airport","minneapolis","n/a"
"mot","minot international airport","minot","n/a"
"mnt","minto airport","minto","n/a"
"lvm","mission field","livingston","n/a"
"mso","missoula international airport","missoula","n/a"
"mhe","mitchell municipal airport","mitchell","n/a"
"mbg","mobridge municipal airport","mobridge","n/a"
"mod","modesto city-county airport","modesto","n/a"
"mhv","mojave airport","mojave","n/a"
"mkk","molokai airport","kaunakakai","n/a"
"blm","monmouth executive airport","carmerville","n/a"
"eqy","monroe airport","bakers","n/a"
"mvc","monroe county airport","monroeville","n/a"
"bmg","monroe county airport","bloomington","n/a"
"eft","monroe municipal airport","monroe","n/a"
"mlu","monroe regional airport","monroe","n/a"
"rkc","montague-yreka rohrer field","montague","n/a"
"mtp","montauk airport","montauk","n/a"
"mry","monterey peninsula airport","monterey","n/a"
"gai","montgomery county airpark","gaithersburg","n/a"
"cxo","montgomery county airport","beach","n/a"
"myf","montgomery field","san diego","n/a"
"llq","monticello municipal airport","killin","n/a"
"mtj","montrose regional airport","montrose","n/a"
"3m5","moontown airport","huntsville","n/a"
"sop","moore county airport","warrior woods","n/a"
"dux","moore county airport","dumas","n/a"
"mor","moore-murrell airport","morristown","n/a"
"mgw","morgantown municipal airport","morgantown","n/a"
"mmu","morristown municipal airport","morristown","n/a"
"mvl","morrisville-stowe state airport","morrisville","n/a"
"kmy","moser bay seaplane base","akhiok","n/a"
"mgr","moultrie municipal airport","moultrie","n/a"
"ajg","mount carmel municipal airport","mount carmel","n/a"
"mpz","mount pleasant municipal airport","mount pleasant","n/a"
"mop","mount pleasant municipal airport","mount pleasant","n/a"
"hie","mount washington regional airport","whitefield","n/a"
"mou","mountain village airport","mountain village","n/a"
"mie","muncie delaware county-johnson field","muncie","n/a"
"mut","muscatine municipal airport","muscatine","n/a"
"msl","muscle shoals regional airport","muscle shoals","n/a"
"mkg","muskegon county airport","muskegon","n/a"
"aex","myers number 2 landing strip","rapides","n/a"
"1m8","myricks airport","berkley","n/a"
"myr","myrtle beach international airport","myrtle beach","n/a"
"ack","nantucket memorial airport","nantucket","n/a"
"apc","napa county airport","napa","n/a"
"wna","napakiak airport","napakiak","n/a"
"apf","naples municipal airport","naples","n/a"
"rct","nartron field","reed city","n/a"
"bna","nashville international airport","nashville","n/a"
"cpr","natrona county international airport","casper","n/a"
"afk","nebraska city municipal airport","nebraska city","n/a"
"eed","needles airport","needles","n/a"
"enn","nenana municipal airport","nenana","n/a"
"ewb","new bedford regional airport","new bedford","n/a"
"ilg","new castle airport","wilmington","n/a"
"msy","new orleans international airport","new orleans","n/a"
"psk","new river valley airport","dublin","n/a"
"pbv","new saint george airport","saint george","n/a"
"evb","new smyrna beach municipal airport","new smyrna beach","n/a"
"knw","new stuyahok airport","new stuyahok","n/a"
"ulm","new ulm municipal airport","new ulm","n/a"
"iys","new wasilla airport","wasilla","n/a"
"ewr","newark international airport","newark","n/a"
"onp","newport municipal airport","newport","n/a"
"phf","newport news-williamsburg international airport","newport news","n/a"
"npt","newport state airport","newport","n/a"
"efk","newport state airport","newport","n/a"
"wwt","newtok airport","newtok","n/a"
"ewk","newton city-county airport","newton","n/a"
"tnu","newton municipal airport","newton","n/a"
"iag","niagara falls international airport","niagara falls","n/a"
"igt","nightmute airport","nightmute","n/a"
"nib","nikolai airport","nikolai","n/a"
"wtk","noatak airport","noatak","n/a"
"ols","nogales international airport","nogales","n/a"
"ome","nome airport","nome","n/a"
"nnl","nondalton airport","nondalton","n/a"
"orf","norfolk international airport","norfolk","n/a"
"sfz","north central state airport","pawtucket","n/a"
"ckb","north central west virginia airport","clarksburg","n/a"
"vgt","north las vegas air terminal","las vegas","n/a"
"hwo","north perry airport","hollywood","n/a"
"pne","north philadelphia airport","ashton wooden bridge","n/a"
"lbf","north platte regional airport","north platte","n/a"
"wwp","north whale seaplane base","whale pass","n/a"
"fve","northern aroostook regional airport","frenchville","n/a"
"pqi","northern maine regional airport at presque isle","presque isle","n/a"
"ort","northway airport","northway","n/a"
"xna","northwest arkansas regional airport","castleville (historical)","n/a"
"ecp","northwest florida beaches international airport","panama city beach","n/a"
"52f","northwest regional airport","roanoke","n/a"
"owd","norwood memorial airport","norwood","n/a"
"aqt","nuiqsut airport","nuiqsut","n/a"
"nul","nulato airport","nulato","n/a"
"nup","nunapitchuk airport","nunapitchuk","n/a"
"vcb","nut tree airport","vacaville","n/a"
"znc","nyac airport","nyac","n/a"
"oce","ocean city airport","morris mobile home park","n/a"
"oca","ocean reef club airport","key largo","n/a"
"ocn","oceanside municipal airport","oceanside","n/a"
"ogd","ogden municipal airport","lawndale addition","n/a"
"ogs","ogdensburg international airport","ogdensburg","n/a"
"osu","ohio state university airport","columbus","n/a"
"eso","ohkay owingeh airport","espanola","n/a"
"obe","okeechobee county airport","okeechobee","n/a"
"olh","old harbor airport","old harbor","n/a"
"old","old town / dewitt field","milford","n/a"
"koy","olga bay seaplane base","NULL","n/a"
"oli","oliktok lrrs airport","NULL","n/a"
"olv","olive branch airport","olive branch","n/a"
"olm","olympia regional airport","olympia","n/a"
"omk","omak airport","omak","n/a"
"onh","oneonta municipal airport","oneonta","n/a"
"ont","ontario international airport","ontario","n/a"
"ono","ontario municipal airport","ontario","n/a"
"opf","opa locka airport","opa-locka north  (historical)","n/a"
"mgj","orange county airport","montgomery","n/a"
"ogb","orangeburg municipal airport","orangeburg","n/a"
"ors","orcas island airport","eastsound","n/a"
"mco","orlando international airport","orlando","n/a"
"sfb","orlando sanford international airport","orlando","n/a"
"ove","oroville municipal airport","oroville","n/a"
"osc","oscoda-wurtsmith airport","oscoda","n/a"
"fzy","oswego county airport","fulton","n/a"
"otm","ottumwa industrial airport","ottumwa","n/a"
"atw","outagamie county airport","appleton","n/a"
"ckv","outlaw field","clarksville","n/a"
"koz","ouzinkie airport","ouzinkie","n/a"
"oxr","oxnard airport","oxnard","n/a"
"pfc","pacific city state airport","pacific city","n/a"
"35d","padgham field","allegan","n/a"
"fmy","page field","fort myers","n/a"
"pga","page municipal airport","page","n/a"
"psx","palacios municipal airport","palacios","n/a"
"phk","palm beach county glades airport","pelican river mobile home park","n/a"
"lna","palm beach county park airport","west palm beach","n/a"
"pbi","palm beach international","west palm beach","n/a"
"psp","palm springs international airport","palm springs","n/a"
"ppd","palmas del mar airstrip","palmas del mar","n/a"
"paq","palmer municipal airport","palmer","n/a"
"pao","palo alto airport of santa clara county","palo alto","n/a"
"pfn","panama city-bay county international airport","panama city","n/a"
"eat","pangborn field","malaga","n/a"
"nhk","park hall-lexington park airport","park hall estates","n/a"
"hlm","park township airport","holland","n/a"
"nwh","parlin field","newport","n/a"
"prb","paso robles municipal airport","paso robles","n/a"
"kph","pauloff harbor seaplane base","sanak","n/a"
"pxk","paxson airport","paxson","n/a"
"pjb","payson airport","payson","n/a"
"ffc","peachtree city-falcon field","atlanta","n/a"
"vuo","pearson airpark","officers row","n/a"
"peq","pecos municipal airport","pecos","n/a"
"pdb","pedro bay airport","pedro bay","n/a"
"pec","pelican seaplane base","pelican","n/a"
"pln","pellston regional airport of emmet county","pellston","n/a"
"pdt","pendleton municipal airport","pendair heights","n/a"
"seg","penn valley airport","selinsgrove","n/a"
"pns","pensacola regional airport","pensacola","n/a"
"npa","pensacola naval air station","pleasant grove","n/a"
"laf","perdue university airport","lafayette","n/a"
"pro","perry municipal airport","perry","n/a"
"tad","perry stokes airport","trinidad","n/a"
"fpy","perry-foley airport","perry","n/a"
"psg","petersburg seaplane base","petersburg","n/a"
"phl","philadelphia international airport","philadelphia","n/a"
"top","philip billard municipal airport","topeka","n/a"
"php","philip municipal airport","philip","n/a"
"gyr","phoenix goodyear airport","goodyear","n/a"
"phx","phoenix sky harbor international airport","phoenix","n/a"
"dvt","phoenix-deer valley municipal airport","phoenix","n/a"
"lqk","pickens county airport","pickens","n/a"
"gso","piedmont triad international airport","greensboro","n/a"
"pir","pierre municipal airport","pierre","n/a"
"pqs","pilot station airport","pilot station","n/a"
"mzj","pinal airpark","marana","n/a"
"pib","pine belt regional airport","shelton","n/a"
"pgv","pitt-greenville airport","greenville","n/a"
"pit","pittsburgh international airport","moon","n/a"
"psf","pittsfield municipal airport","pittsfield","n/a"
"pvf","placerville airport","placerville","n/a"
"ptu","platinum airport","platinum","n/a"
"pym","plymouth municipal airport","plymouth","n/a"
"pih","pocatello regional airport","pocatello","n/a"
"mpo","pocono mountains municipal airport","mount pocono","n/a"
"kpb","point baker seaplane base","point baker","n/a"
"pho","point hope airport","point hope","n/a"
"piz","point lay airport","point lay","n/a"
"ppm","pompano beach airpark","pompano beach","n/a"
"ptk","pontiac oakland county international airport","pontiac","n/a"
"gfd","pope field","greenfield","n/a"
"ahp","port alexander seaplane base","port alexander","n/a"
"pak","port allen airport","hanapēpē","n/a"
"pta","port alsworth airport","port alsworth","n/a"
"kpy","port bailey seaplane base","NULL","n/a"
"kpc","port clarence coast guard station","port clarence","n/a"
"cmh","port columbus international airport","columbus","n/a"
"pgm","port graham airport","port graham","n/a"
"pth","port heiden airport","port heiden","n/a"
"ori","port lions airport","port lions","n/a"
"gkj","port meadville airport","meadville","n/a"
"ppv","port protection seaplane base","port protection","n/a"
"kpr","port williams seaplane base","port william","n/a"
"vpz","porter county municipal airport","valparaiso","n/a"
"ptv","porterville municipal airport","porterville","n/a"
"pdx","portland international airport","portland","n/a"
"pwm","portland international jetport","portland","n/a"
"hio","portland-hillsboro airport","portland","n/a"
"ttd","portland-troutdale airport","portland","n/a"
"psm","portsmouth international airport at pease","portsmouth","n/a"
"ptw","pottstown limerick airport","pottstown","n/a"
"pcd","prairie du chien municipal airport","prairie du chien","n/a"
"ptt","pratt municipal airport","iuka","n/a"
"pnn","princeton municipal airport","princeton","n/a"
"hpv","princeville airport","hanalei","n/a"
"prz","prineville airport","prineville","n/a"
"ppc","prospect creek airport","NULL","n/a"
"pvc","provincetown municipal airport","provincetown","n/a"
"pvu","provo municipal airport","provo","n/a"
"dcu","pryor field","irvington","n/a"
"pub","pueblo memorial airport","pueblo","n/a"
"puw","pullman-moscow regional airport","sunshine","n/a"
"mli","quad city international airport","moline","n/a"
"ukt","quakertown airport","quakertown","n/a"
"uil","quillayute airport","quillayute","n/a"
"kwn","quinhagak airport","quinhagak","n/a"
"bkw","raleigh county memorial airport","beckley","n/a"
"rdu","raleigh-durham airport","candero","n/a"
"tal","ralph m calhoun memorial airport","tanana","n/a"
"otz","ralph wien memorial airport","kotzebue","n/a"
"rnm","ramona airport","ramona","n/a"
"rmp","rampart airport","rampart","n/a"
"rap","rapid city regional airport","rapid city","n/a"
"rtn","raton municipal airport","hebron","n/a"
"rwl","rawlins municipal airport","rawlins","n/a"
"rdg","reading municipal airport","reading","n/a"
"nrs","ream field","imperial beach","n/a"
"rbl","red bluff municipal airport","red bluff","n/a"
"rdv","red devil airport","red devil","n/a"
"rdb","red dog airport","red dog mine","n/a"
"rbd","redbird airport","westwood park","n/a"
"rdd","redding municipal airport","redding","n/a"
"hua","redstone army airfield","elko","n/a"
"rhv","reid-hillview of santa clara county airport","san jose","n/a"
"rnt","renton municipal airport","renton","n/a"
"frg","republic airport","farmingdale","n/a"
"rxe","rexburg airport","rexburg","n/a"
"rhi","rhinelander-oneida county airport","rhinelander","n/a"
"rie","rice lake rice lake regional-carl's field airport","rice lake","n/a"
"rmg","richard b russell airport","rome","n/a"
"ric","richmond international airport","richmond","n/a"
"ama","rick husband amarillo international airport","amarillo","n/a"
"hrl","rio grande valley international airport","harlingen","n/a"
"ral","riverside municipal airport","riverside","n/a"
"riw","riverton regional airport","riverton","n/a"
"roa","roanoke regional airport-woodrum field","roanoke","n/a"
"wbr","roben-hood airport","big rapids","n/a"
"lrf","robert chris mcintosh airport","indian head lake estates","n/a"
"mjx","robert j. miller air park","toms river","n/a"
"rdm","roberts field-redmond municipal airport","redmond","n/a"
"rce","roche harbor seaplane base","roche harbor","n/a"
"rst","rochester rochester international airport","rochester","n/a"
"rks","rock springs-sweetwater county airport","rock springs","n/a"
"rfd","rockford greater rockford airport","blackhawk island subdivision number 2","n/a"
"rkw","rockwood municipal airport","rockwood","n/a"
"rwi","rocky mount-wilson airport","winstead crossroads","n/a"
"rog","rogers municipal airport","pleasant hill","n/a"
"mfr","rogue valley international-medford airport","medford","n/a"
"rla","rolla downtown airport","rolla","n/a"
"reo","rome state airport","rome","n/a"
"dca","ronald reagan washington national airport","washington","n/a"
"rsj","rosario seaplane base","rosario","n/a"
"htl","roscommon county-blodgett memorial airport","houghton lake","n/a"
"rbg","roseburg municipal airport","edenbower","n/a"
"stj","rosecrans memorial airport","saint joseph","n/a"
"beh","ross field-twin cities airport","benton heights","n/a"
"fwq","rostraver airport","monongahela","n/a"
"row","roswell industrial air center airport","roswell","n/a"
"srw","rowan county airport","salisbury","n/a"
"rby","ruby airport","ruby","n/a"
"rsl","russell municipal airport","russell","n/a"
"rue","russellville municipal airport","bethel","n/a"
"rsh","russian mission airport","russian mission","n/a"
"fqd","rutherford county airport","mount vernon","n/a"
"rut","rutland - southern vermont regional airport","rutland","n/a"
"sac","sacramento executive airport","sacramento","n/a"
"smf","sacramento international airport","sacramento","n/a"
"sad","safford municipal airport","solomon","n/a"
"phn","saint clair county international airport","marysville","n/a"
"sgu","saint george municipal airport","saint george","n/a"
"sjn","saint johns industrial air park","saint johns","n/a"
"cps","saint louis downtown - parks airport","maplewood park","n/a"
"aln","saint louis regional airport","oakwood heights","n/a"
"fpr","saint lucie county international airport","fort pierce","n/a"
"ksm","saint marys airport","pitkas point","n/a"
"stp","saint paul downtown holman field","saint paul","n/a"
"snp","saint paul island airport","saint paul","n/a"
"sln","salina municipal airport","salina","n/a"
"sns","salinas municipal airport","salinas","n/a"
"sby","salisbury-wicomico county regional airport","salisbury","n/a"
"slc","salt lake city international airport","salt lake city","n/a"
"sas","salton sea airport","salton city","n/a"
"ctz","sampson county airport","clinton","n/a"
"bry","samuels field","bardstown","n/a"
"sat","san antonio international airport","san antonio","n/a"
"sbd","san bernardino international airport","san bernardino","n/a"
"sql","san carlos airport","san carlos","n/a"
"san","san diego international airport","san diego","n/a"
"nzy","san diego north island naval air station","la playa","n/a"
"sfo","san francisco international airport","san francisco","n/a"
"sjc","san jose international airport","san jose","n/a"
"sbp","san luis obispo county airport","san luis obispo","n/a"
"als","san luis valley regional airport","la fruto","n/a"
"sdp","sand point airport","sand point","n/a"
"shn","sanderson field","shelton","n/a"
"sba","santa barbara municipal airport","santa barbara","n/a"
"saf","santa fe municipal airport","santa fe","n/a"
"smx","santa maria airport","santa maria","n/a"
"smo","santa monica municipal airport","santa monica","n/a"
"szp","santa paula airport","santa paula","n/a"
"sqa","santa ynez airport","santa ynez","n/a"
"srq","sarasota / bradenton international airport","ballentine manor","n/a"
"sav","savannah international airport","savannah","n/a"
"sva","savoonga airport","savoonga","n/a"
"mqt","sawyer international airport","marquette","n/a"
"scm","scammon bay airport","scammon bay","n/a"
"sch","schenectady county airport","schenectady","n/a"
"gls","scholes field","galveston","n/a"
"scf","scottsdale airport","scottsdale","n/a"
"scb","scribner state airport","scribner","n/a"
"src","searcy municipal airport","searcy","n/a"
"oga","searle airport","l and l mobile home park","n/a"
"sea","seattle-tacoma international airport","seattle","n/a"
"sef","sebring regional airport","sebring","n/a"
"dmo","sedalia memorial airport","sedalia","n/a"
"sdx","sedona airport","sedona","n/a"
"wlk","selawik airport","selawik","n/a"
"sov","seldovia airport","seldovia","n/a"
"swd","seward airport","seward","n/a"
"shx","shageluk airport","shageluk","n/a"
"skk","shaktoolik airport","shaktoolik","n/a"
"ezf","shannon airport","fredericksburg","n/a"
"sbm","sheboygan county memorial airport","sheboygan","n/a"
"smu","sheep mountain airport","NULL","n/a"
"eet","shelby county airport","alabaster","n/a"
"eho","shelby municipal airport","poplar springs","n/a"
"ssq","shell lake municipal airport","shell lake","n/a"
"shd","shenandoah valley regional airport","weyers cave","n/a"
"sps","sheppard air force base/wichita falls municipal airport","wichita falls","n/a"
"shr","sheridan county airport","sheridan","n/a"
"shh","shishmaref airport","shishmaref","n/a"
"saa","shively field","saratoga","n/a"
"sow","show low municipal airport","show low","n/a"
"dtn","shreveport downtown airport","shreveport","n/a"
"shv","shreveport regional airport","shreveport","n/a"
"shg","shungnak airport","shungnak","n/a"
"sny","sidney municipal airport","gordons mobile plaza","n/a"
"sdy","sidney-richland municipal airport","sidney","n/a"
"srr","sierra blanca regional airport","ruidoso","n/a"
"fhu","sierra vista municipal libby army air field","miles manor","n/a"
"sik","sikeston memorial municipal airport","sikeston","n/a"
"bfw","silver bay municipal airport","silver bay","n/a"
"svc","silver city airport","silver city","n/a"
"ewn","simmons nott airport","new bern","n/a"
"sux","sioux gateway airport","sioux city","n/a"
"siy","siskiyou county airport","montague","n/a"
"sit","sitka airport","sitka","n/a"
"sgy","skagway airport","skagway","n/a"
"azk","skelton airport","eureka roadhouse","n/a"
"skw","skwentna airport","skwentna","n/a"
"dyt","sky harbor airport","duluth","n/a"
"daw","skyhaven airport","rochester","n/a"
"ile","skylark field airport","killeen","n/a"
"60g","skyway estates airport","eaton rapids","n/a"
"slq","sleetmute airport","sleetmute","n/a"
"isn","sloulin field international airport","williston","n/a"
"slg","smith field","siloam springs","n/a"
"int","smith reynolds airport","winston-salem","n/a"
"mqy","smyrna airport","smyrna","n/a"
"sxq","soldotna airport","soldotna","n/a"
"sts","sonoma county airport","shiloh","n/a"
"sbn","south bend regional airport","south bend","n/a"
"gey","south big horn county airport","greybull","n/a"
"mdh","southern illinois airport","de soto","n/a"
"rsw","southwest florida international airport","fort myers","n/a"
"aby","southwest georgia regional airport","albany","n/a"
"oth","southwest oregon regional airport","north bend","n/a"
"tix","space center executive airport","bellwood","n/a"
"svw","sparrevohn lrrs airport","NULL","n/a"
"cmy","sparta-fort mccoy airport","angelo","n/a"
"spa","spartanburg downtown memorial airport","spartanburg","n/a"
"mul","spence airport","moultrie","n/a"
"60m","spencer airport","spencer","n/a"
"spw","spencer municipal airport","spencer","n/a"
"sus","spirit of saint louis airport","stevens","n/a"
"geg","spokane international airport","spokane","n/a"
"sgh","springfield-beckley municipal airport","springfield","n/a"
"sgf","springfield-branson national airport","springfield","n/a"
"stq","st marys municipal airport","kaulmont","n/a"
"pie","st. petersburg / clearwater st. petersburg / clearwater international airport","high point","n/a"
"huj","stan stamper municipal airport","hugo","n/a"
"sdf","standiford field","louisville","n/a"
"syn","stanton airfield","stanton","n/a"
"sbs","steamboat springs-bob adams field stolport","steamboat springs","n/a"
"wbb","stebbins airport","stebbins","n/a"
"slj","stellar airpark","chandler","n/a"
"hsa","stennis international airport","kiln","n/a"
"3b3","sterling airport","sterling","n/a"
"ste","stevens point municipal airport","stevens point","n/a"
"svs","stevens village airport","stevens village","n/a"
"swf","stewart international airport","newburgh","n/a"
"swo","stillwater regional airport","stillwater","n/a"
"ssf","stinson municipal airport","san antonio","n/a"
"sck","stockton metropolitan airport","stockton","n/a"
"nlc","stone airstrip","lemoore","n/a"
"wld","strother field","tresham","n/a"
"esp","stroudsburg-pocono airport","craigs meadow","n/a"
"sgt","stuttgart municipal airport","stuttgart","n/a"
"fme","suburban airport","laurel","n/a"
"siv","sullivan county airport","sullivan","n/a"
"msv","sullivan county international airport","monticello","n/a"
"slr","sulphur springs municipal airport","sulphur springs","n/a"
"evy","summit airport","middletown","n/a"
"umm","summit airport","summit","n/a"
"hsd","sundance airpark","oklahoma city","n/a"
"suo","sunriver airport","sunriver","n/a"
"suw","superior richard i. bong airport","south superior","n/a"
"sve","susanville municipal airport","susanville","n/a"
"fwn","sussex airport","sussex","n/a"
"ged","sussex county airport","georgetown","n/a"
"syr","syracuse hancock international airport","syracuse","n/a"
"tiw","tacoma narrows airport","tacoma","n/a"
"tka","talkeetna airport","talkeetna","n/a"
"asn","talladega municipal airport","talladega","n/a"
"tlh","tallahassee regional airport","tallahassee","n/a"
"ann","tamgas harbor seaplane base","annette","n/a"
"tpa","tampa international airport","tampa","n/a"
"tpf","tampa peter o knight airport","tampa","n/a"
"8b5","tanner-hiller airport","wheelwright","n/a"
"tlj","tatalina lrrs airport","takotna","n/a"
"tek","tatitlek airport","tatitlek","n/a"
"tyz","taylor airport","taylor","n/a"
"mdf","taylor county airport","medford","n/a"
"tsp","tehachapi municipal airport","tehachapi","n/a"
"tqe","tekamah municipal airport","tekamah","n/a"
"tla","teller airport","teller","n/a"
"tex","telluride regional airport","telluride","n/a"
"tpl","temple draughon-miller central texas regional airport","temple","n/a"
"tke","tenakee seaplane base","tenakee springs","n/a"
"huf","terre haute terre haute international airport - hulman field","terre haute","n/a"
"6r6","terrell county airport","dryden","n/a"
"trl","terrell municipal airport","terrell","n/a"
"teb","teterboro airport","teterboro","n/a"
"txk","texarkana regional airport","texarkana","n/a"
"dls","the dalles municipal airport","dallesport","n/a"
"fok","the francis s gabreski airport","westhampton beach","n/a"
"onl","the o'neill municipal airport","douthit trailer court","n/a"
"pvd","theodore francis green state airport","providence","n/a"
"trm","thermal airport","thermal","n/a"
"tvf","thief river falls regional airport","thief river falls","n/a"
"alx","thomas c russell field","alexander city","n/a"
"hee","thompson-robbins airport","west helena","n/a"
"ktb","thorne bay seaplane base","thorne bay","n/a"
"tnc","tin city lrrs airport","tin city","n/a"
"toc","toccoa airport","toccoa","n/a"
"tog","togiak airport","togiak","n/a"
"tkj","tok airport","tok","n/a"
"ook","toksook bay airport","toksook bay","n/a"
"tol","toledo express airport","toledo","n/a"
"duh","toledo suburban airport","lambertville","n/a"
"tdo","toledo-winlock ed carlson memorial field","cowlitz","n/a"
"tph","tonopah airport","tonopah","n/a"
"tor","torrington municipal airport","torrington","n/a"
"suu","travis air force base aero club airport","fairfield","n/a"
"ttn","trenton mercer airport","trenton","n/a"
"trx","trenton municipal airport","trenton","n/a"
"mbs","tri city international airport","falconview estates mobile home park","n/a"
"psc","tri-cities airport","pasco","n/a"
"tri","tri-cities regional airport","colby (historical)","n/a"
"ppf","tri-city airport","parsons","n/a"
"lnr","tri-county regional airport","lone rock","n/a"
"hts","tri-state airport","huntington","n/a"
"anq","tri-state steuben county airport","angola","n/a"
"trh","trona airport","trona","n/a"
"toi","troy municipal airport","troy","n/a"
"tkf","truckee tahoe airport","truckee","n/a"
"tcs","truth or consequences municipal airport","truth or consequences","n/a"
"cnw","tstc waco airport","waco","n/a"
"tbc","tuba city airport","tuba city","n/a"
"tus","tucson international airport","tucson","n/a"
"tcc","tucumcari municipal airport","tucumcari","n/a"
"tha","tullahoma regional airport","flowertown","n/a"
"tul","tulsa international airport","tulsa","n/a"
"tlt","tuluksak airport","tuluksak","n/a"
"utm","tunica tunica municipal airport","tunica","n/a"
"wtl","tuntutuliak airport","tuntutuliak","n/a"
"tcl","tuscaloosa municipal airport","tuscaloosa","n/a"
"hvn","tweed-new haven airport","morris cove","n/a"
"tnp","twentynine palms airport","twentynine palms","n/a"
"twf","twin falls airport","twin falls","n/a"
"3b5","twitchell airport","turner","n/a"
"tyr","tyler pounds field","tyler","n/a"
"ugb","ugashik bay airport","pilot point","n/a"
"ubw","ugnu-kuparuk airport","NULL","n/a"
"uki","ukiah municipal airport","ukiah","n/a"
"umt","umiat airport","umiat","n/a"
"unk","unalakleet airport","unalakleet","n/a"
"dut","unalaska airport","unalaska","n/a"
"aff","united states air force academy airstrip","air force academy","n/a"
"41g","university airpark","bath","n/a"
"cmi","university of illinois willard airport","savoy","n/a"
"sce","university park airport","state college","n/a"
"uox","university-oxford airport","oxford","n/a"
"upp","upolu airport","hawi","n/a"
"vdz","valdez airport","valdez","n/a"
"vld","valdosta regional airport","valdosta","n/a"
"vny","van nuys airport","van nuys","n/a"
"flv","vandahl airport","weston","n/a"
"vee","venetie airport","venetie","n/a"
"vnc","venice municipal airport","venice","n/a"
"dnv","vermilion county airport","campbell","n/a"
"vel","vernal airport","naples","n/a"
"vrb","vero beach municipal airport","vero beach","n/a"
"vks","vicksburg municipal airport","vicksburg","n/a"
"vct","victoria regional airport","victoria","n/a"
"bfr","virgil i grissom municipal airport","bedford","n/a"
"ntu","virginia beach oceana naval air station","gatewood park","n/a"
"bcb","virginia tech airport","airport acres","n/a"
"vis","visalia municipal airport","visalia","n/a"
"vok","volk / camp douglas","camp douglas","n/a"
"dbn","w h 'bud' barron airport","dublin","n/a"
"btl","w k kellogg airport","battle creek","n/a"
"act","waco regional airport","waco","n/a"
"adc","wadena municipal airport","wadena","n/a"
"mue","waimea-kohala airport","puopelu","n/a"
"ain","wainwright airport","wainwright","n/a"
"fbk","wainwright army air field","hamilton acres","n/a"
"waa","wales airport","wales","n/a"
"alw","walla walla regional airport","walla walla","n/a"
"arg","walnut ridge regional airport","walnut ridge","n/a"
"rrt","warroad international-swede carlson field","warroad","n/a"
"acq","waseca municipal airport","waseca","n/a"
"afj","washington county airport","washington","n/a"
"hgr","washington county regional airport","hagerstown","n/a"
"iad","washington dulles international airport","washington","n/a"
"adw","washington executive airport","tippett","n/a"
"awg","washington municipal airport","washington","n/a"
"oxc","waterbury-oxford airport","oxford","n/a"
"alo","waterloo municipal airport","waterloo","n/a"
"art","watertown international airport","watertown","n/a"
"aty","watertown municipal airport","watertown","n/a"
"ryv","watertown municipal airport","watertown","n/a"
"wvl","waterville robert lafleur airport","waterville","n/a"
"wvi","watsonville municipal airport","watsonville","n/a"
"ugn","waukegan regional airport","bancroft corners","n/a"
"ues","waukesha county airport","waukesha","n/a"
"auw","wausau municipal airport","wausau junction","n/a"
"ays","waycross-ware county airport","waycross","n/a"
"ekq","wayne county airport","monticello","n/a"
"bjj","wayne county airport","wooster","n/a"
"ebs","webster city municipal airport","webster city","n/a"
"nui","webster nolf airport","saint inigoes shores","n/a"
"euf","weedon field","eufaula","n/a"
"elz","wellsville municipal airport-tarantine field","norton summit","n/a"
"49g","wend valley airport","charlotte","n/a"
"env","wendover airport","wendover","n/a"
"etb","west bend municipal airport","west bend","n/a"
"iws","west houston airport","houston","n/a"
"awm","west memphis municipal airport","west memphis","n/a"
"kwp","west point village seaplane base","NULL","n/a"
"wwr","west woodward airport","woodward","n/a"
"hpn","westchester county airport","white plains","n/a"
"wst","westerly state airport","westerly","n/a"
"bff","western nebraska regional airport","scottsbluff","n/a"
"cef","westover air reserve base / metropolitan airport b/metropolitan","freeman knoll","n/a"
"cad","wexford county airport","cadillac","n/a"
"hhi","wheeler army air field","wahiawā","n/a"
"hlg","wheeling ohio county airport","wheeling","n/a"
"wmo","white mountain airport","white mountain","n/a"
"whp","whiteman airport","pacoima","n/a"
"tdf","whitfield farms airport","hurdle mills","n/a"
"iem","whittier airport","whittier","n/a"
"ict","wichita mid-continent airport","wichita","n/a"
"f05","wilbarger county airport","vernon","n/a"
"pwa","wiley post airport","oklahoma city","n/a"
"brw","wiley post-will rogers memorial airport","barrow","n/a"
"qwg","wilgrove air park","charlotte","n/a"
"wbw","wilkes-barre wyoming valley airport","wilkes barre","n/a"
"avp","wilkes-barre/scranton international airport","browns","n/a"
"okc","will rogers world airport","oklahoma city","n/a"
"ddh","william h. morse state airport","bennington","n/a"
"hou","william p hobby airport","houston","n/a"
"clm","william r fairchild international airport","port angeles","n/a"
"mwa","williamson county regional airport","marion","n/a"
"ipt","williamsport-lycoming county airport","williamsport","n/a"
"uuo","willow airport","willow","n/a"
"nxx","willow grove naval air station","meetinghouse village","n/a"
"yip","willow run airport","detroit","n/a"
"wlw","willows-glenn county airport","willows","n/a"
"ilm","wilmington international airport","wilmington","n/a"
"rqe","window rock airport","window rock","n/a"
"bbx","wings field","philadelphia","n/a"
"ink","winkler county airport","wink","n/a"
"wmc","winnemucca municipal airport","winnemucca","n/a"
"ona","winona municipal airport-max conrad field","winona","n/a"
"inw","winslow municipal airport","winslow","n/a"
"gif","winter haven's gilbert airport","winter haven","n/a"
"iss","wiscasset airport","wiscasset","n/a"
"sua","witham field","stuart","n/a"
"osh","wittman regional airport","oshkosh","n/a"
"ukl","wolf creek airport","burlington","n/a"
"pkb","wood county airport","parkersburg","n/a"
"cdn","woodward field","camden","n/a"
"orh","worcester worcester regional airport","worcester","n/a"
"wrl","worland municipal airport","worland","n/a"
"wrg","wrangell airport","wrangell","n/a"
"cyt","yakataga airport","cape yakataga","n/a"
"ykm","yakima air terminal airport","yakima","n/a"
"yak","yakutat airport","yakutat","n/a"
"hdn","yampa valley airport","hayden","n/a"
"crw","yeager airport","charleston","n/a"
"wys","yellowstone airport","west yellowstone","n/a"
"cod","yellowstone regional airport","cody","n/a"
"thv","york airport","york","n/a"
"muo","young landing area","bruneau","n/a"
"yng","youngstown-warren regional airport","four seasons mobile home park","n/a"
"myv","yuba county airport","marysville","n/a"
"yum","yuma international airport","yuma","n/a"
"toa","zamperini field","torrance","n/a"
"zzv","zanesville municipal airport","zanesville","n/a"
"zph","zephyrhills municipal airport","zephyrhills","n/a"
