"NULL","NULL","NULL","High / Low (&deg;F)","Precip. %"
"Mon Feb 13","NULL","Sunny","44&deg;/33&deg;","0 %"
"Tue  Feb 14","NULL","PM Showers","51&deg;/39&deg;","30 %"
"Wed  Feb 15","NULL","Partly Cloudy","53&deg;/35&deg;","10 %"
"Thu  Feb 16","NULL","Showers","50&deg;/43&deg;","40 %"
"Fri  Feb 17","NULL","Partly Cloudy","52&deg;/34&deg;","10 %"
"Sat  Feb 18","NULL","Mostly Sunny","47&deg;/34&deg;","10 %"
"Sun  Feb 19","NULL","Partly Cloudy","48&deg;/35&deg;","10 %"
"Mon  Feb 20","NULL","Cloudy","49&deg;/39&deg;","10 %"
"Tue  Feb 21","NULL","Partly Cloudy","52&deg;/39&deg;","10 %"
